IncidentID,AgencyORI,AgencyName,IncidentStatusDesc,County,RdwyNumber,Street,RoadwayName,StreetSfx,StreetDir,IntersectionRdwy,IntersectionRdwyName,BetweenStRdwy1,BetweenStRdwyName1,BetweenStRdwy2,BetweenStRdwyName2,Latitude,Longitude,Milepoint,CollisionDate,CollisionTime,UnitsInvolved,MotorVehiclesInvolved,NumberKilled,NumberInjured,Weather,RdwyConditionCode,HitandRun,DirAnalysisCode,MannerofCollision,RdwyCharacter,LightCondition,RampFromRdwyId,RampToRdwyId,AcceptedDate,IsSecondaryCollision,OwnerBadge,IncidentStatus,
27345551,0730100,PADUCAH POLICE DEPARTMENT,Accepted,MCCRACKEN,I 0024,,,,,,,,,,,37.076380115,-88.679693885,0.197,10/17/2020 12:00:00 AM,1627,2,2,0,0,CLEAR,DRY,False,OTHER RAMP RELATED COLLISIONS NOT LISTED ABOVE,ANGLE,STRAIGHT & LEVEL,DAYLIGHT,I 0024,US0060,10/17/2020 11:40:14 PM,False,387,Accepted,
27348982,0450500,RUSSELL POLICE DEPARTMENT,Accepted,GREENUP,US0023,,US23,,,,,,,,,38.518038044,-82.684645600,1.438,10/17/2020 12:00:00 AM,1451,2,2,0,0,CLEAR,DRY,False,REAR END IN TRAFFIC LANES BOTH VEHICLES MOVING,REAR END,STRAIGHT & LEVEL,DAYLIGHT,,,10/19/2020 7:03:57 AM,False,429,Accepted,
27345546,0730100,PADUCAH POLICE DEPARTMENT,Accepted,MCCRACKEN,I 0024,,,,,,,,,,,37.077317341,-88.680997286,0.099,10/17/2020 12:00:00 AM,1909,2,2,0,0,CLEAR,DRY,False,OTHER RAMP RELATED COLLISIONS NOT LISTED ABOVE,REAR END,STRAIGHT & GRADE,DARK-HWY LIGHTED/ON,I 0024,US0060,10/17/2020 11:39:47 PM,False,367,Accepted,
27572802,0490100,CYNTHIANA POLICE DEPARTMENT,Accepted,HARRISON,,,PLEASANT,ST,E,,,,,,,38.389560904,-84.286999048,0.555,10/17/2020 12:00:00 AM,1148,2,2,0,0,CLEAR,DRY,False,1 VEHICLE PARKED POSITION (NOT PARKING LOT/DRIVEWAY),BACKING,STRAIGHT & HILLCREST,DAYLIGHT,,,12/16/2020 12:43:57 PM,False,21,Accepted,
27420858,0591300,FT. MITCHELL POLICE DEPARTMENT,Accepted,KENTON,I 0075,,I75 N,,,,,,,,,39.051517087,-84.549383245,187.795,10/16/2020 12:00:00 AM,2300,2,2,0,0,CLEAR,DRY,False,OTHER ROADWAY OR MID-BLOCK COLLISION,REAR END,STRAIGHT & GRADE,DARK-HWY LIGHTED/ON,,,11/5/2020 4:05:23 PM,False,FM05,Accepted,
27349986,KSP1100,KY STATE POLICE POST 11,Accepted,LAUREL,I 0075,,I75 S,,,,,,,,,37.057234906,-84.097968592,34.522,10/16/2020 12:00:00 AM,1240,2,2,0,0,CLEAR,DRY,False,REAR END IN TRAFFIC LANES BOTH VEHICLES MOVING,REAR END,STRAIGHT & LEVEL,DAYLIGHT,,,10/19/2020 10:10:59 AM,False,667,Accepted,
27340792,KSP1100,KY STATE POLICE POST 11,Accepted,LAUREL,I 0075,,I75 S,,,,,,,,,37.207143869,-84.170199124,46.229,10/15/2020 12:00:00 AM,0700,1,1,0,0,CLEAR,DRY,False,OTHER ROADWAY OR MID-BLOCK COLLISION,SINGLE VEHICLE,STRAIGHT & LEVEL,DARK-HWY NOT LIGHTED,,,10/16/2020 11:38:06 AM,False,376,Accepted,
27378913,0240000,CHRISTIAN COUNTY SHERIFF OFFICE,Accepted,CHRISTIAN,I 0024,,I24 W,,,I 0024,I24 W REST AREA92 OFF RAMP,,,,,36.650955775,-87.357665880,92.160,10/15/2020 12:00:00 AM,1845,2,2,0,1,RAINING,WET,False,ANGLE COLLISION - OTHER,ANGLE,STRAIGHT & LEVEL,DARK-HWY NOT LIGHTED,,,10/26/2020 3:29:59 PM,False,622,Accepted,
27335291,0568000,LOUISVILLE METRO POLICE DEPT,Accepted,JEFFERSON,US0150,,BROADWAY,,E,KY0061,PRESTON,,,,,38.245283099,-85.747585514,2.965,10/14/2020 12:00:00 AM,1535,2,2,0,0,CLEAR,DRY,False,OTHER INTERSECTION COLLISIONS,REAR END,STRAIGHT & LEVEL,DAYLIGHT,,,10/15/2020 8:09:12 AM,False,7266,Accepted,
27354372,0540100,MADISONVILLE POLICE DEPT.,Accepted,HOPKINS,,,MAIN/ISLAND FORD,,,,,,,,,37.348661159,-87.498226781,,10/14/2020 12:00:00 AM,1232,2,2,0,0,CLEAR,DRY,False,REAR END IN TRAFFIC LANES BOTH VEHICLES MOVING,REAR END,STRAIGHT & LEVEL,DAYLIGHT,,,10/20/2020 10:14:36 AM,False,58,Accepted,
27338029,0340200,LEXINGTON POLICE DEPARTMENT,Accepted,FAYETTE,US0068,,BROADWAY,,S,,,,LEGION,,PARKWAY,38.034861036,-84.521603060,5.225,10/14/2020 12:00:00 AM,1051,2,2,0,0,CLEAR,DRY,False,REAR END IN TRAFFIC LANES BOTH VEHICLES MOVING,REAR END,STRAIGHT & LEVEL,DAYLIGHT,,,10/15/2020 6:30:18 PM,False,56413,Accepted,
27329956,0450500,RUSSELL POLICE DEPARTMENT,Accepted,GREENUP,US0023,,US23,,,,,,,,,38.516837344,-82.684133417,1.353,10/13/2020 12:00:00 AM,1728,2,2,0,0,CLEAR,DRY,False,REAR END IN TRAFFIC LANES BOTH VEHICLES MOVING,REAR END,STRAIGHT & LEVEL,DAYLIGHT,,,10/14/2020 7:20:49 AM,False,420,Accepted,
27330470,0080000,BOONE COUNTY SHERIFF DEPT.,Accepted,BOONE,KY0237,,PLEASANT VALLEY,RD,,,,,OAKBROOK,,SOLOMON,38.993929652,-84.697110256,4.148,10/13/2020 12:00:00 AM,0748,1,1,0,1,FOG,DRY,False,OTHER COLLISIONS ON SHOULDER,SINGLE VEHICLE,CURVE & HILLCREST,DAWN,,,10/14/2020 8:33:00 AM,False,3748,Accepted,
27423767,0568000,LOUISVILLE METRO POLICE DEPT,Accepted,JEFFERSON,KY1934,,GREENBELT,HWY,,,RIVERPORT,,,,,38.161187436,-85.881680552,5.501,10/13/2020 12:00:00 AM,0845,2,2,0,1,FOG,DRY,False,OTHER INTERSECTION COLLISIONS,REAR END,CURVE & LEVEL,DAWN,,,11/6/2020 9:37:35 AM,False,7817,Accepted,
27333987,0370200,KY STATE POLICE CVE,Accepted,LAUREL,I 0075,,I75 S,,,,,,,,,37.036369721,-84.098266698,33.071,10/13/2020 12:00:00 AM,2119,2,2,0,0,CLEAR,DRY,True,SIDESWIPE COLLISION - OPPOSITE DIRECTION,SIDESWIPE-OPPOSITE DIRECTION,CURVE & GRADE,DARK-HWY NOT LIGHTED,,,10/14/2020 10:39:19 PM,False,C-325,Accepted,
27334090,0591300,FT. MITCHELL POLICE DEPARTMENT,Accepted,KENTON,I 0075,,I75 N,,,I 0075,I75 N EXIT186 ON RAMP FROM  BUTTERMILK PIKE,,,,,39.050771230,-84.566766653,186.818,10/13/2020 12:00:00 AM,2031,2,2,0,0,CLOUDY,DRY,False,COLLISION WITH PARKED VEHICLE,SIDESWIPE-SAME DIRECTION,STRAIGHT & LEVEL,DARK-HWY LIGHTED/ON,,,10/14/2020 11:23:34 PM,False,FM18,Accepted,
27330914,KSP1100,KY STATE POLICE POST 11,Accepted,LAUREL,I 0075,,I75 N,,,,,,,,,37.026532780,-84.098136633,32.364,10/12/2020 12:00:00 AM,1043,2,2,0,1,CLOUDY,WET,False,REAR END IN TRAFFIC LANES BOTH VEHICLES MOVING,REAR END,STRAIGHT & LEVEL,DAYLIGHT,,,10/14/2020 9:58:32 AM,False,476,Accepted,
27320889,KSP1100,KY STATE POLICE POST 11,Accepted,LAUREL,I 0075,,I75 N,,,,,,,,,36.982605742,-84.110057918,29.270,10/11/2020 12:00:00 AM,1332,4,4,0,0,RAINING,WET,False,REAR END IN TRAFFIC LANES BOTH VEHICLES MOVING,REAR END,STRAIGHT & GRADE,DAYLIGHT,,,10/12/2020 10:12:12 AM,False,476,Accepted,
27323899,0730000,MCCRACKEN COUNTY SHERIFF DEPT.,Accepted,MCCRACKEN,I 0024,,I24 E,,,,,,,,,37.132038647,-88.687733175,0.492,10/11/2020 12:00:00 AM,1336,2,2,0,0,CLEAR,DRY,False,REAR END IN TRAFFIC LANES BOTH VEHICLES MOVING,REAR END,STRAIGHT & LEVEL,DAYLIGHT,,,10/12/2020 11:42:36 PM,False,43,Accepted,
27323707,0630000,LAUREL COUNTY SHERIFF DEPT.,Accepted,LAUREL,I 0075,,I75 N,,,,,,,,,36.980628747,-84.110326939,29.126,10/10/2020 12:00:00 AM,1830,2,2,0,0,CLEAR,DRY,False,SIDESWIPE COLLISION - SAME DIRECTION,SIDESWIPE-SAME DIRECTION,STRAIGHT & LEVEL,DAYLIGHT,,,10/12/2020 10:17:55 PM,False,1123,Accepted,
27352393,0630000,LAUREL COUNTY SHERIFF DEPT.,Accepted,LAUREL,I 0075,,I75 S,,,,,,,,,37.211853374,-84.184078000,47.062,10/10/2020 12:00:00 AM,1623,2,2,0,2,RAINING,WET,False,SIDESWIPE COLLISION - SAME DIRECTION,SIDESWIPE-SAME DIRECTION,STRAIGHT & GRADE,DAYLIGHT,,,10/19/2020 9:39:32 PM,False,1123,Accepted,
27320444,0568000,LOUISVILLE METRO POLICE DEPT,Accepted,JEFFERSON,I 0265,,I265 N,,,,,I 0071,I71 N,I 0071,I71 S,38.314695864,-85.581339856,34.689,10/9/2020 12:00:00 AM,1701,2,2,0,0,CLOUDY,DRY,False,OTHER ROADWAY OR MID-BLOCK COLLISION,REAR END,STRAIGHT & LEVEL,DAYLIGHT,,,10/12/2020 9:05:49 AM,False,7751,Accepted,
27327973,0340200,LEXINGTON POLICE DEPARTMENT,Accepted,FAYETTE,US0060,2331,VERSAILLES,RD,,,,KY1968,PARKERS MILL,,BORDEAUX,38.046708286,-84.553945141,5.259,10/9/2020 12:00:00 AM,1205,2,2,0,0,CLEAR,DRY,False,1 VEHICLE ENTERING/LEAVING ENTRANCE,ANGLE,STRAIGHT & LEVEL,DAYLIGHT,,,10/13/2020 6:14:10 PM,False,56412,Accepted,
27389922,0340200,LEXINGTON POLICE DEPARTMENT,Accepted,FAYETTE,US0060,,VERSAILLES,RD,,,,,MASON HEADLEY,,VILLAGE,38.047379546,-84.545414470,5.763,10/9/2020 12:00:00 AM,1435,3,3,0,1,CLOUDY,DRY,True,OTHER ROADWAY OR MID-BLOCK COLLISION,REAR END,STRAIGHT & GRADE,DAYLIGHT,,,10/28/2020 9:11:14 PM,False,22512,Accepted,
27323895,0730000,MCCRACKEN COUNTY SHERIFF DEPT.,Accepted,MCCRACKEN,I 0024,,I24 E,,,,,,,,,37.126234162,-88.689802107,0.909,10/9/2020 12:00:00 AM,1811,2,2,0,0,CLOUDY,DRY,False,SIDESWIPE COLLISION - SAME DIRECTION,SIDESWIPE-SAME DIRECTION,STRAIGHT & LEVEL,DUSK,,,10/12/2020 11:42:29 PM,False,43,Accepted,
27318720,KSP0700,KY STATE POLICE POST 07,Accepted,ESTILL,KY0089,,WINCHESTER,RD,,,,,,,,37.749739676,-83.996637743,15.168,10/8/2020 12:00:00 AM,1400,2,2,0,0,CLOUDY,DRY,False,1 VEHICLE PARKED POSITION (NOT PARKING LOT/DRIVEWAY),REAR END,STRAIGHT & LEVEL,DAYLIGHT,,,10/11/2020 11:22:03 PM,False,481,Accepted,
27306362,0340200,LEXINGTON POLICE DEPARTMENT,Accepted,FAYETTE,,,PIMLICO,PKWY,,,,,CENTRE,,GAINESWAY,37.983775392,-84.473980422,1.805,10/7/2020 12:00:00 AM,1413,2,2,0,0,CLEAR,DRY,False,OTHER ROADWAY OR MID-BLOCK COLLISION,REAR END,STRAIGHT & GRADE,DAYLIGHT,,,10/8/2020 8:20:34 AM,False,47057,Accepted,
27309835,0080000,BOONE COUNTY SHERIFF DEPT.,Accepted,BOONE,KY0237,,PLEASANT VALLEY,RD,,,,,OAKBROOK,,SOLOMON,38.994214678,-84.697188597,4.167,10/6/2020 12:00:00 AM,1645,1,1,0,2,CLEAR,DRY,False,OTHER COLLISIONS ON SHOULDER,SINGLE VEHICLE,CURVE & GRADE,DAYLIGHT,,,10/9/2020 1:57:54 AM,False,3207,Accepted,
27301349,0568000,LOUISVILLE METRO POLICE DEPT,Accepted,JEFFERSON,US0042,,MELLWOOD,AVE,,,SPRING,,,,,38.255550097,-85.722278262,0.583,10/5/2020 12:00:00 AM,1330,2,1,0,1,CLEAR,DRY,False,COLLISION WITH BICYCLE IN INTERSECTION,SINGLE VEHICLE,STRAIGHT & LEVEL,DAYLIGHT,,,10/7/2020 8:14:53 AM,False,5320,Accepted,
27297306,0240000,CHRISTIAN COUNTY SHERIFF OFFICE,Accepted,CHRISTIAN,I 0024,,I24 E,,,,,,,,,36.683532881,-87.408301432,88.525,10/5/2020 12:00:00 AM,1310,2,2,0,3,CLEAR,DRY,False,REAR END IN TRAFFIC LANES BOTH VEHICLES MOVING,REAR END,STRAIGHT & LEVEL,DAYLIGHT,,,10/6/2020 10:47:55 AM,False,650A,Accepted,
27900151,0730000,MCCRACKEN COUNTY SHERIFF DEPT.,Accepted,MCCRACKEN,I 0024,,I24 E,,,,,,,,,37.131474883,-88.687865311,0.532,10/3/2020 12:00:00 AM,1225,3,3,1,2,CLEAR,DRY,False,REAR END IN TRAFFIC LANES BOTH VEHICLES MOVING,REAR END,STRAIGHT & LEVEL,DAYLIGHT,,,3/18/2021 9:10:59 AM,False,26,Accepted,
27286665,0340200,LEXINGTON POLICE DEPARTMENT,Accepted,FAYETTE,KY0004,,NEW CIRCLE,RD,W,,,,,,,38.071276669,-84.477394041,10.318,10/3/2020 12:00:00 AM,1431,2,2,0,0,CLEAR,DRY,False,SIDESWIPE COLLISION - SAME DIRECTION,SIDESWIPE-SAME DIRECTION,STRAIGHT & LEVEL,DAYLIGHT,,,10/3/2020 5:20:51 PM,False,55316,Accepted,
27285555,0300100,OWENSBORO POLICE DEPARTMENT,Accepted,DAVIESS,,,WALNUT,ST,,,12TH,,,,,37.764336441,-87.117325602,0.781,10/2/2020 12:00:00 AM,1250,2,2,0,0,CLEAR,DRY,False,ANGLE COLLISION - OTHER,ANGLE,STRAIGHT & LEVEL,DAYLIGHT,,,10/3/2020 3:17:14 PM,False,393,Accepted,
27282266,0568000,LOUISVILLE METRO POLICE DEPT,Accepted,JEFFERSON,I 0265,,I265 W,,,,,,,,,38.193378177,-85.508846534,23.414,10/2/2020 12:00:00 AM,0559,2,2,0,0,CLEAR,DRY,False,SIDESWIPE COLLISION - SAME DIRECTION,SIDESWIPE-SAME DIRECTION,STRAIGHT & LEVEL,DARK-HWY LIGHTED/ON,,,10/2/2020 12:52:02 PM,False,4903,Accepted,
27284524,0340200,LEXINGTON POLICE DEPARTMENT,Accepted,FAYETTE,KY0004,,NEW CIRCLE,RD,W,,,,COLESBURY,KY0004,KY4 EXIT9B RAMP TO KY922 N,38.074038428,-84.491172884,9.555,10/2/2020 12:00:00 AM,2359,1,1,0,0,CLOUDY,DRY,False,COLLISION WITH FIXED OBJECT NON - INTERSECTION - FIRST EVENT COLLISION 09 - 32 EXCLUDING 16,SINGLE VEHICLE,STRAIGHT & LEVEL,DARK-HWY LIGHTED/ON,,,10/3/2020 2:57:48 AM,False,49204,Accepted,
27285980,0080000,BOONE COUNTY SHERIFF DEPT.,Accepted,BOONE,KY0237,,GUNPOWDER,RD,,,CARSPEN,,,,,38.954193409,-84.651182144,0.130,10/1/2020 12:00:00 AM,2106,2,2,0,0,CLOUDY,DRY,False,VEHICLE BACKING IN INTERSECTION,BACKING,STRAIGHT & LEVEL,DARK-HWY NOT LIGHTED,,,10/3/2020 3:58:21 PM,False,3709,Accepted,
27302038,0420000,GRAVES COUNTY SHERIFF DEPT.,Accepted,GRAVES,US0045,2580,US45,,N,,,,,,,36.777042241,-88.644112734,19.735,10/1/2020 12:00:00 AM,0747,2,2,0,0,CLEAR,DRY,False,REAR END IN TRAFFIC LANES BOTH VEHICLES MOVING,REAR END,STRAIGHT & LEVEL,DAYLIGHT,,,10/7/2020 10:46:01 AM,False,18,Accepted,
27311419,KSP3200,KY STATE POLICE DESI WEST,Accepted,JEFFERSON,I 0064,,,,,,,,,,,38.277108427,-85.807515862,0.029,10/1/2020 12:00:00 AM,1330,3,3,0,0,CLOUDY,DRY,False,OTHER RAMP RELATED COLLISIONS NOT LISTED ABOVE,REAR END,STRAIGHT & LEVEL,DAYLIGHT,I 0064,I 0264,10/9/2020 10:28:07 AM,False,144,Accepted,
27317369,0730000,MCCRACKEN COUNTY SHERIFF DEPT.,Accepted,MCCRACKEN,I 0024,,I24 W,,,,,,,,,37.128032256,-88.689011353,0.780,9/30/2020 12:00:00 AM,1625,2,2,0,0,CLEAR,DRY,False,REAR END IN TRAFFIC LANES BOTH VEHICLES MOVING,REAR END,STRAIGHT & LEVEL,DAYLIGHT,,,10/11/2020 12:05:57 PM,False,26,Accepted,
27292945,KSP0200,KY STATE POLICE POST 02,Accepted,MUHLENBERG,US0431,,US431,,,,,,,,,37.233444276,-87.064412471,12.962,9/29/2020 12:00:00 AM,1212,3,3,0,2,CLEAR,DRY,False,REAR END IN TRAFFIC LANES BOTH VEHICLES MOVING,REAR END,STRAIGHT & HILLCREST,DAYLIGHT,,,10/5/2020 1:36:57 PM,False,494,Accepted,
27284025,KSP0100,KY STATE POLICE POST 01,Accepted,TRIGG,I 0024,,I24 W,,,,,,,,,36.916671728,-87.790994221,61.428,9/29/2020 12:00:00 AM,1700,6,6,0,5,CLEAR,DRY,False,OTHER ROADWAY OR MID-BLOCK COLLISION,REAR TO REAR,STRAIGHT & GRADE,DAYLIGHT,,,10/2/2020 11:32:16 PM,False,991,Accepted,
27272403,0568000,LOUISVILLE METRO POLICE DEPT,Accepted,JEFFERSON,,,PARK,RD,S,,STINNETT,,,,,38.117154907,-85.729716722,3.082,9/29/2020 12:00:00 AM,1309,2,2,0,0,CLEAR,DRY,False,OPPOSITE DIRECTION - BOTH VEHICLES GOING STRAIGHT AHEAD,SIDESWIPE-OPPOSITE DIRECTION,CURVE & HILLCREST,DAYLIGHT,,,9/30/2020 8:43:54 AM,False,7669,Accepted,
27276785,0591300,FT. MITCHELL POLICE DEPARTMENT,Accepted,KENTON,I 0075,,I75 S,,,,,,,,,39.052773145,-84.547921186,187.904,9/28/2020 12:00:00 AM,1453,2,2,0,0,RAINING,WET,False,SIDESWIPE COLLISION - SAME DIRECTION,SIDESWIPE-SAME DIRECTION,STRAIGHT & GRADE,DAYLIGHT,,,10/1/2020 8:00:11 AM,False,FM14,Accepted,
27276787,0591300,FT. MITCHELL POLICE DEPARTMENT,Accepted,KENTON,I 0075,,I75 N,,,,,,,,,39.051619630,-84.560128218,187.202,9/28/2020 12:00:00 AM,1346,2,2,0,0,RAINING,WET,False,SIDESWIPE COLLISION - SAME DIRECTION,SIDESWIPE-SAME DIRECTION,STRAIGHT & GRADE,DAYLIGHT,,,10/1/2020 8:00:26 AM,False,FM14,Accepted,
27282115,0630000,LAUREL COUNTY SHERIFF DEPT.,Accepted,LAUREL,I 0075,,I75 N,,,,,,,,,36.964169008,-84.114057361,27.976,9/28/2020 12:00:00 AM,2119,1,1,0,0,RAINING,WET,False,OTHER ROADWAY OR MID-BLOCK COLLISION,SINGLE VEHICLE,STRAIGHT & LEVEL,DARK-HWY LIGHTED/ON,,,10/2/2020 12:25:33 PM,False,1136,Accepted,
27291370,0620000,LARUE COUNTY SHERIFF,Accepted,LARUE,US0031E,,BARDSTOWN,RD,,,,,,,,37.572968823,-85.731234950,10.599,9/27/2020 12:00:00 AM,1549,1,1,0,0,CLEAR,DRY,False,OTHER COLLISIONS ON SHOULDER,SINGLE VEHICLE,CURVE & LEVEL,DAYLIGHT,,,10/5/2020 8:47:46 AM,False,123,Accepted,
27260169,0340200,LEXINGTON POLICE DEPARTMENT,Accepted,FAYETTE,KY0004,,NEW CIRCLE,RD,W,,,,COLESBURY,KY0004,KY4 EXIT9B RAMP TO KY922 N,38.073791299,-84.489551686,9.643,9/27/2020 12:00:00 AM,0918,2,2,0,0,CLEAR,DRY,False,REAR END IN TRAFFIC LANES BOTH VEHICLES MOVING,REAR END,STRAIGHT & LEVEL,DAYLIGHT,,,9/27/2020 12:49:24 PM,False,54251,Accepted,
27260002,0591300,FT. MITCHELL POLICE DEPARTMENT,Accepted,KENTON,I 0075,,I75 N,,,,,,,,,39.048071866,-84.572998311,186.423,9/26/2020 12:00:00 AM,1520,2,2,0,0,CLOUDY,DRY,False,REAR END IN TRAFFIC LANES BOTH VEHICLES MOVING,REAR END,STRAIGHT & LEVEL,DAYLIGHT,,,9/27/2020 9:44:30 AM,False,FM06,Accepted,
27267227,1090000,TAYLOR COUNTY SHERIFF DEPT.,Accepted,TAYLOR,KY0055,,NEW COLUMBIA,RD,,,,,,,,37.239983743,-85.346715620,2.547,9/26/2020 12:00:00 AM,2254,1,1,0,0,CLEAR,DRY,False,OTHER ROADWAY OR MID-BLOCK COLLISION,SINGLE VEHICLE,STRAIGHT & HILLCREST,DARK-HWY NOT LIGHTED,,,9/29/2020 8:05:17 AM,False,1509,Accepted,
27262779,0970100,HAZARD POLICE DEPARTMENT,Accepted,PERRY,KY0015,,KY15,,N,,,,,,,37.279464892,-83.216523010,14.470,9/26/2020 12:00:00 AM,2025,1,1,0,0,CLEAR,DRY,False,RAN OFF ROADWAY (1 VEHICLE WITH/EARTH EMBANKMENT/DITCH),SINGLE VEHICLE,STRAIGHT & GRADE,DARK (UNKNOWN ROADWAY LIGHTING),,,9/28/2020 8:37:00 AM,False,411,Accepted,
27254278,0591300,FT. MITCHELL POLICE DEPARTMENT,Accepted,KENTON,I 0075,,I75 N,,,,,,,,,39.051403065,-84.562507930,187.066,9/25/2020 12:00:00 AM,0942,2,2,0,0,CLOUDY,DRY,False,REAR END IN TRAFFIC LANES BOTH VEHICLES MOVING,REAR END,STRAIGHT & HILLCREST,DAYLIGHT,,,9/25/2020 10:37:52 AM,False,FM06,Accepted,
27278912,1020000,ROCKCASTLE COUNTY SHERIFF DEPT,Accepted,ROCKCASTLE,I 0075,,I75 N,,,,,,,,,37.341129184,-84.307282654,58.928,9/25/2020 12:00:00 AM,0700,2,2,0,0,CLOUDY,DRY,False,SIDESWIPE COLLISION - SAME DIRECTION,SIDESWIPE-SAME DIRECTION,CURVE & GRADE,DAYLIGHT,,,10/1/2020 4:24:41 PM,False,1113,Accepted,
27253582,0080000,BOONE COUNTY SHERIFF DEPT.,Accepted,BOONE,KY0018,,BURLINGTON,PIKE,,,,,KENNER,KY0018,KY18 CROSSOVER,39.016236691,-84.677838888,13.125,9/24/2020 12:00:00 AM,1415,2,2,0,0,CLEAR,DRY,False,OTHER ROADWAY OR MID-BLOCK COLLISION,REAR END,STRAIGHT & GRADE,DAYLIGHT,,,9/25/2020 8:01:48 AM,False,3721,Accepted,
27279327,KSP0100,KY STATE POLICE POST 01,Accepted,TRIGG,I 0024,,I24 W,,,,,,,,,36.893231313,-87.753309309,64.066,9/24/2020 12:00:00 AM,1830,1,1,0,0,RAINING,WET,False,OTHER COLLISIONS ON SHOULDER,SINGLE VEHICLE,CURVE & LEVEL,DARK-HWY NOT LIGHTED,,,10/1/2020 6:35:18 PM,False,410,Accepted,
27330961,0390000,GALLATIN COUNTY SHERIFF DEPT.,Accepted,GALLATIN,I 0071,,I71 S,,,,,,,,,38.691520055,-84.939055620,54.966,9/23/2020 12:00:00 AM,1600,2,2,0,0,CLEAR,DRY,False,1 VEHICLE ENTERING/LEAVING ENTRANCE,ANGLE,STRAIGHT & LEVEL,DAYLIGHT,,,10/14/2020 10:02:51 AM,False,107,Accepted,
27261690,1110000,TRIGG COUNTY SHERIFF DEPT.,Accepted,TRIGG,I 0024,,I24 E,,,,,,,,,36.892051663,-87.751594912,64.189,9/23/2020 12:00:00 AM,0830,1,1,0,0,CLEAR,DRY,False,COLLISION WITH FIXED OBJECT NON - INTERSECTION - FIRST EVENT COLLISION 09 - 32 EXCLUDING 16,SINGLE VEHICLE,STRAIGHT & LEVEL,DAYLIGHT,,,9/28/2020 1:43:31 AM,False,207,Accepted,
27243523,0340200,LEXINGTON POLICE DEPARTMENT,Accepted,FAYETTE,US0025,,GEORGETOWN,RD,,,,,BRIARWOOD,,NANDINO,38.080409061,-84.508491073,16.580,9/22/2020 12:00:00 AM,1242,2,2,0,0,CLEAR,DRY,False,SIDESWIPE COLLISION - SAME DIRECTION,SIDESWIPE-SAME DIRECTION,STRAIGHT & LEVEL,DAYLIGHT,,,9/22/2020 6:53:18 PM,False,56413,Accepted,
27244610,0730100,PADUCAH POLICE DEPARTMENT,Accepted,MCCRACKEN,I 0024,3MM,I24 E,,,,,,,,,37.094540135,-88.687242536,3.167,9/22/2020 12:00:00 AM,1600,2,2,0,1,CLEAR,DRY,False,SIDESWIPE COLLISION - SAME DIRECTION,SIDESWIPE-SAME DIRECTION,STRAIGHT & LEVEL,DAYLIGHT,,,9/23/2020 2:03:52 AM,False,340,Accepted,
27243522,0340200,LEXINGTON POLICE DEPARTMENT,Accepted,FAYETTE,US0060,,VERSAILLES,RD,,,,,VILLAGE,,ALEXANDRIA,38.046984643,-84.549826167,5.535,9/22/2020 12:00:00 AM,1154,2,2,0,0,CLEAR,DRY,False,OTHER ROADWAY OR MID-BLOCK COLLISION,REAR END,STRAIGHT & LEVEL,DAYLIGHT,,,9/22/2020 6:53:14 PM,False,56413,Accepted,
27243524,0340200,LEXINGTON POLICE DEPARTMENT,Accepted,FAYETTE,US0060,,VERSAILLES,RD,,,,,HALLS,,CISCO,38.049445999,-84.526385197,6.847,9/22/2020 12:00:00 AM,1344,2,2,0,0,CLEAR,DRY,False,OTHER ROADWAY OR MID-BLOCK COLLISION,REAR END,STRAIGHT & LEVEL,DAYLIGHT,,,9/22/2020 6:53:21 PM,False,56413,Accepted,
27240428,0080000,BOONE COUNTY SHERIFF DEPT.,Accepted,BOONE,I 0275,,I275 W,,,,,,,,,39.087438497,-84.756733986,9.639,9/21/2020 12:00:00 AM,0307,1,1,0,0,CLEAR,DRY,False,OTHER ROADWAY OR MID-BLOCK COLLISION,SINGLE VEHICLE,STRAIGHT & LEVEL,DARK-HWY NOT LIGHTED,,,9/22/2020 6:50:12 AM,False,3753,Accepted,
27233076,0591300,FT. MITCHELL POLICE DEPARTMENT,Accepted,KENTON,I 0075,,I75 N,,,,,I 0075,I75 N EXIT186 ON RAMP FROM  BUTTERMILK PIKE,I 0075,I75 N EXIT188 OFF RAMP TO  DIXIE HWY,39.051634145,-84.560041486,187.207,9/19/2020 12:00:00 AM,2302,2,2,0,0,CLEAR,DRY,False,REAR END IN TRAFFIC LANES BOTH VEHICLES MOVING,REAR END,STRAIGHT & LEVEL,DARK-HWY LIGHTED/ON,,,9/20/2020 3:48:05 PM,False,FM16,Accepted,