IncidentID,AgencyORI,AgencyName,IncidentStatusDesc,County,RdwyNumber,Street,RoadwayName,StreetSfx,StreetDir,IntersectionRdwy,IntersectionRdwyName,BetweenStRdwy1,BetweenStRdwyName1,BetweenStRdwy2,BetweenStRdwyName2,Latitude,Longitude,Milepoint,CollisionDate,CollisionTime,UnitsInvolved,MotorVehiclesInvolved,NumberKilled,NumberInjured,Weather,RdwyConditionCode,HitandRun,DirAnalysisCode,MannerofCollision,RdwyCharacter,LightCondition,RampFromRdwyId,RampToRdwyId,AcceptedDate,IsSecondaryCollision,OwnerBadge,IncidentStatus,
27080426,0590400,FT. WRIGHT POLICE DEPARTMENT,Accepted,KENTON,I 0075,,I75 N,,,,,I 0075,I75 N EXIT188 ON RAMP FROM  DIXIE HWY,I 0075,I75 N EXIT189 OFF RAMP TO  KYLES LN,39.056824167,-84.542386354,188.327,8/12/2020 12:00:00 AM,0746,2,2,0,0,CLEAR,DRY,False,REAR END IN TRAFFIC LANES BOTH VEHICLES MOVING,REAR END,STRAIGHT & LEVEL,DAYLIGHT,,,8/14/2020 2:28:46 PM,False,407,Accepted,
27074427,0730100,PADUCAH POLICE DEPARTMENT,Accepted,MCCRACKEN,I 0024,,I24 E,,,,,I 0024,I24 E EXIT4 ON RAMP TO US60,I 0024,I24 E EXIT7 OFF RAMP TO US62,37.076083750,-88.679401542,4.525,8/12/2020 12:00:00 AM,1103,2,2,0,0,CLOUDY,WET,False,SIDESWIPE COLLISION - SAME DIRECTION,SIDESWIPE-SAME DIRECTION,STRAIGHT & GRADE,DAYLIGHT,,,8/13/2020 8:48:27 AM,False,373,Accepted,
27081145,0730100,PADUCAH POLICE DEPARTMENT,Accepted,MCCRACKEN,I 0024,4,I24 E,,,I 0024,I24 E EXIT4 ON RAMP TO US60,,,,,37.076285040,-88.679569813,4.508,8/12/2020 12:00:00 AM,1406,2,2,0,0,CLOUDY,WET,False,SIDESWIPE-SAME DIRECTION,SIDESWIPE-SAME DIRECTION,STRAIGHT & LEVEL,DAYLIGHT,,,8/14/2020 5:38:14 PM,False,314,Accepted,
27073019,0590300,ERLANGER POLICE DEPARTMENT,Accepted,KENTON,I 0075,,,,,,,,,,,39.037251262,-84.602855514,0.644,8/12/2020 12:00:00 AM,1511,2,2,0,0,CLEAR,DRY,True,OTHER RAMP RELATED COLLISIONS NOT LISTED ABOVE,SIDESWIPE-SAME DIRECTION,CURVE & LEVEL,DAYLIGHT,I 0075,I 0275,8/13/2020 12:42:25 AM,False,107,Accepted,
27074429,0730100,PADUCAH POLICE DEPARTMENT,Accepted,MCCRACKEN,I 0024,,I24 W,,,,,I 0024,I24 W EXIT7 ON RAMP FROM US62,I 0024,I24 W EXIT7 OFF RAMP TO US45,37.054840453,-88.652837645,6.607,8/12/2020 12:00:00 AM,1058,1,1,0,0,RAINING,WET,False,OTHER ROADWAY OR MID-BLOCK COLLISION,SINGLE VEHICLE,STRAIGHT & GRADE,DAYLIGHT,,,8/13/2020 8:48:36 AM,False,244,Accepted,
27067209,0590300,ERLANGER POLICE DEPARTMENT,Accepted,KENTON,I 0075,,,,,,,,,,,39.037354269,-84.603626936,0.687,8/11/2020 12:00:00 AM,0620,2,2,0,0,CLEAR,DRY,False,OTHER RAMP RELATED COLLISIONS NOT LISTED ABOVE,SIDESWIPE-SAME DIRECTION,CURVE & HILLCREST,DAYLIGHT,I 0075,I 0275,8/11/2020 5:24:20 PM,False,131,Accepted,
27065830,0590400,FT. WRIGHT POLICE DEPARTMENT,Accepted,KENTON,I 0075,,I75 N,,,,,I 0075,I75 N EXIT188 ON RAMP FROM  DIXIE HWY,I 0075,I75 N EXIT189 OFF RAMP TO  KYLES LN,39.056514312,-84.542763949,188.298,8/11/2020 12:00:00 AM,0702,2,2,0,0,CLEAR,DRY,False,REAR END IN TRAFFIC LANES BOTH VEHICLES MOVING,REAR END,STRAIGHT & LEVEL,DAYLIGHT,,,8/11/2020 12:10:27 PM,False,407,Accepted,
27067210,0590300,ERLANGER POLICE DEPARTMENT,Accepted,KENTON,I 0275,,I275 W,,,,,,,,,39.038768335,-84.607715446,0.522,8/11/2020 12:00:00 AM,0620,2,2,0,0,CLEAR,DRY,True,REAR END IN TRAFFIC LANES BOTH VEHICLES MOVING,REAR END,CURVE & HILLCREST,DAYLIGHT,,,8/11/2020 5:24:24 PM,False,131,Accepted,
27069497,0568000,LOUISVILLE METRO POLICE DEPT,Accepted,JEFFERSON,I 0071,,I71 N,,,I 0071,I71 S EXIT35A RAMP TO I71 N,,,,,38.314481217,-85.582382993,9.056,8/11/2020 12:00:00 AM,2054,2,2,0,1,CLEAR,DRY,False,OTHER INTERSECTION COLLISIONS,REAR END,STRAIGHT & LEVEL,DUSK,,,8/12/2020 8:11:08 AM,False,7159,Accepted,
27064609,0590100,COVINGTON POLICE DEPARTMENT,Accepted,KENTON,I 0075,,I75 S,,,,,,,,,39.082761714,-84.522658662,190.936,8/11/2020 12:00:00 AM,0004,2,2,0,0,RAINING,WET,False,SIDESWIPE COLLISION - SAME DIRECTION,SIDESWIPE-SAME DIRECTION,CURVE & LEVEL,DARK-HWY LIGHTED/ON,,,8/11/2020 8:03:28 AM,False,0287,Accepted,
27072704,0980100,PIKEVILLE POLICE DEPARTMENT,Accepted,PIKE,US0023,,US23,,,,,,,,,37.458104108,-82.517330181,22.057,8/10/2020 12:00:00 AM,0821,3,3,0,0,CLEAR,DRY,False,REAR END IN TRAFFIC LANES BOTH VEHICLES MOVING,REAR END,STRAIGHT & LEVEL,DAYLIGHT,,,8/12/2020 10:41:15 PM,False,110,Accepted,
27063977,0590300,ERLANGER POLICE DEPARTMENT,Accepted,KENTON,I 0075,,,,,,,,,,,39.037218935,-84.602765291,0.649,8/10/2020 12:00:00 AM,1955,2,2,0,0,CLEAR,DRY,False,OTHER RAMP RELATED COLLISIONS NOT LISTED ABOVE,SIDESWIPE-SAME DIRECTION,STRAIGHT & LEVEL,DAYLIGHT,I 0075,I 0275,8/11/2020 5:13:40 AM,False,151,Accepted,
27062140,0590100,COVINGTON POLICE DEPARTMENT,Accepted,KENTON,I 0075,,I75 S,,,,,,,,,39.061384944,-84.526713581,189.264,8/10/2020 12:00:00 AM,1202,2,2,0,0,RAINING,WET,False,REAR END IN TRAFFIC LANES BOTH VEHICLES MOVING,REAR END,STRAIGHT & GRADE,DAYLIGHT,,,8/10/2020 3:54:27 PM,False,0254,Accepted,
27067344,0591000,LAKESIDE PK/CRESTVIEW HILLS PD,Accepted,KENTON,I 0275,,I275 W,,,,,,,,,39.031904759,-84.587097494,83.078,8/9/2020 12:00:00 AM,1353,2,2,0,0,CLEAR,DRY,False,REAR END IN TRAFFIC LANES BOTH VEHICLES MOVING,REAR END,STRAIGHT & LEVEL,DAYLIGHT,,,8/11/2020 6:04:27 PM,False,1410,Accepted,
27064606,0590100,COVINGTON POLICE DEPARTMENT,Accepted,KENTON,I 0075,,I75 S,,,,,,,,,39.077292474,-84.520478142,190.521,8/9/2020 12:00:00 AM,2300,2,2,0,1,CLEAR,DRY,False,REAR END IN TRAFFIC LANES BOTH VEHICLES MOVING,REAR END,STRAIGHT & LEVEL,DARK-HWY LIGHTED/ON,,,8/11/2020 8:03:22 AM,False,0278,Accepted,
27059086,0340200,LEXINGTON POLICE DEPARTMENT,Accepted,FAYETTE,US0060,,HIGH,ST,W,,,,LEXINGTON CENTER,,MERINO,38.048799710,-84.502907496,8.114,8/9/2020 12:00:00 AM,0310,1,1,0,1,CLEAR,DRY,False,OTHER ROADWAY OR MID-BLOCK COLLISION,SINGLE VEHICLE,STRAIGHT & LEVEL,DARK-HWY LIGHTED/ON,,,8/10/2020 5:58:16 AM,False,56241,Accepted,
27065844,0530100,CLINTON POLICE DEPARTMENT,Accepted,HICKMAN,KY0058,,MAYFIELD,HWY,,US0051,WASHINGTON,,,,,36.665292216,-88.993597061,10.146,8/8/2020 12:00:00 AM,1147,2,2,0,0,CLEAR,DRY,False,VEHICLE BACKING IN INTERSECTION,BACKING,STRAIGHT & LEVEL,DAYLIGHT,,,8/11/2020 12:14:27 PM,False,102,Accepted,
27069578,0591000,LAKESIDE PK/CRESTVIEW HILLS PD,Accepted,KENTON,I 0275,,I275 W,,,,,,,,,39.026286145,-84.568379670,81.987,8/8/2020 12:00:00 AM,1247,2,2,0,0,CLEAR,DRY,False,SIDESWIPE COLLISION - SAME DIRECTION,SIDESWIPE-SAME DIRECTION,STRAIGHT & HILLCREST,DAYLIGHT,,,8/12/2020 8:18:31 AM,False,1427,Accepted,
27069701,0080000,BOONE COUNTY SHERIFF DEPT.,Accepted,BOONE,I 0275,,I275 E,,,,,,,,,39.080274740,-84.714787257,7.288,8/8/2020 12:00:00 AM,1119,2,2,0,0,CLEAR,DRY,False,SIDESWIPE COLLISION - SAME DIRECTION,SIDESWIPE-SAME DIRECTION,STRAIGHT & LEVEL,DAYLIGHT,,,8/12/2020 8:49:57 AM,False,3761,Accepted,
27055682,KSP0100,KY STATE POLICE POST 01,Accepted,TRIGG,I 0024,,,,,,,,,,,36.883818931,-87.737688147,0.212,8/8/2020 12:00:00 AM,1600,2,2,0,0,CLEAR,DRY,False,OTHER RAMP RELATED COLLISIONS NOT LISTED ABOVE,SIDESWIPE-SAME DIRECTION,CURVE & LEVEL,DAYLIGHT,US0068,I 0024,8/8/2020 11:45:26 PM,False,410,Accepted,
27065382,1110000,TRIGG COUNTY SHERIFF DEPT.,Accepted,TRIGG,I 0024,,I24 E,,,,,,,,,36.890486740,-87.748998732,64.368,8/8/2020 12:00:00 AM,1345,1,1,0,0,CLEAR,DRY,False,OTHER ROADWAY OR MID-BLOCK COLLISION,SINGLE VEHICLE,STRAIGHT & LEVEL,DAYLIGHT,,,8/11/2020 10:48:53 AM,False,204,Accepted,
27060703,0730100,PADUCAH POLICE DEPARTMENT,Accepted,MCCRACKEN,I 0024,,I24 W,,,,,I 0024,I24 W EXIT7 ON RAMP FROM US62,I 0024,I24 W EXIT7 OFF RAMP TO US45,37.055275527,-88.653156687,6.573,8/7/2020 12:00:00 AM,1138,8,1,0,6,CLEAR,DRY,False,SIDESWIPE COLLISION - SAME DIRECTION,SIDESWIPE-SAME DIRECTION,STRAIGHT & GRADE,DAYLIGHT,,,8/10/2020 10:58:30 AM,True,244,Accepted,
27060107,0590100,COVINGTON POLICE DEPARTMENT,Accepted,KENTON,I 0075,,I75 S,,,,,,,,,39.075646228,-84.519622803,190.392,8/7/2020 12:00:00 AM,1223,2,2,0,0,CLEAR,DRY,False,SIDESWIPE COLLISION - SAME DIRECTION,SIDESWIPE-SAME DIRECTION,STRAIGHT & LEVEL,DAYLIGHT,,,8/10/2020 9:21:56 AM,False,0254,Accepted,
27053890,0080000,BOONE COUNTY SHERIFF DEPT.,Accepted,BOONE,,,GLENVIEW,DR,,,DEER CREEK,,,,,39.110948654,-84.727782641,0.002,8/7/2020 12:00:00 AM,1102,2,2,0,0,CLEAR,DRY,False,COLLISION WITH PARKED VEHICLE,ANGLE,STRAIGHT & GRADE,DAYLIGHT,,,8/8/2020 7:33:34 AM,False,3719,Accepted,
27060190,0590100,COVINGTON POLICE DEPARTMENT,Accepted,KENTON,I 0075,,I75 S,,,,,,,,,39.083414240,-84.522726760,190.984,8/7/2020 12:00:00 AM,1144,2,2,0,0,CLEAR,DRY,False,REAR END IN TRAFFIC LANES BOTH VEHICLES MOVING,REAR END,STRAIGHT & LEVEL,DAYLIGHT,,,8/10/2020 9:31:37 AM,False,0230,Accepted,
27062344,0590000,KENTON COUNTY SHERIFF DEPT.,Accepted,KENTON,I 0275,,I275 W,,,,,,,,,39.029947614,-84.580032670,82.672,8/7/2020 12:00:00 AM,1914,2,2,0,0,CLEAR,DRY,False,REAR END IN TRAFFIC LANES BOTH VEHICLES MOVING,REAR END,STRAIGHT & LEVEL,DAYLIGHT,,,8/10/2020 4:41:46 PM,False,407,Accepted,
27069699,0080000,BOONE COUNTY SHERIFF DEPT.,Accepted,BOONE,I 0075,,I75 S,,,,,,,,,38.955109544,-84.634550867,177.950,8/7/2020 12:00:00 AM,1743,2,2,0,0,CLEAR,DRY,False,REAR END IN TRAFFIC LANES BOTH VEHICLES MOVING,REAR END,STRAIGHT & LEVEL,DAYLIGHT,,,8/12/2020 8:49:41 AM,False,3761,Accepted,
27056969,0080000,BOONE COUNTY SHERIFF DEPT.,Accepted,BOONE,US0042,,US42,,,,,KY0536,MT ZION,,WHISPERING,38.942840412,-84.676059362,9.894,8/7/2020 12:00:00 AM,2255,4,4,0,0,CLEAR,DRY,False,HEAD-ON COLLISION,HEAD ON,STRAIGHT & LEVEL,DARK-HWY NOT LIGHTED,,,8/9/2020 1:21:09 PM,False,3759,Accepted,
27057575,0930400,OLDHAM COUNTY POLICE DEPT.,Accepted,OLDHAM,I 0071,,I71 S,,,,,I 0071,I71 S REST AREA13 OFF RAMP,I 0071,I71 S EXIT14 ON RAMP FROM KY329,38.343528818,-85.499520183,14.055,8/6/2020 12:00:00 AM,0018,2,2,0,0,CLEAR,DRY,False,1 VEHICLE PARKED POSITION (NOT PARKING LOT/DRIVEWAY),REAR END,STRAIGHT & GRADE,DARK-HWY LIGHTED/ON,,,8/9/2020 5:43:30 PM,False,3063,Accepted,
27048786,0570000,JESSAMINE COUNTY SHERIFF DEPT.,Accepted,JESSAMINE,US0027,,DANVILLE,RD,,,,,,,,37.779150065,-84.610332406,0.791,8/6/2020 12:00:00 AM,0030,1,1,0,0,CLEAR,DRY,True,COLLISION WITH FIXED OBJECT NON - INTERSECTION - FIRST EVENT COLLISION 09 - 32 EXCLUDING 16,SINGLE VEHICLE,STRAIGHT & GRADE,DARK-HWY NOT LIGHTED,,,8/7/2020 12:12:59 AM,False,720,Accepted,
27051153,0080000,BOONE COUNTY SHERIFF DEPT.,Accepted,BOONE,I 0075,,I75 S,,,I 0075,I75 S EXIT175 ON RAMP FROM  RICHWOOD DR,,,,,38.914324270,-84.628836373,175.147,8/6/2020 12:00:00 AM,1930,2,2,0,0,CLEAR,DRY,False,SIDESWIPE-SAME DIRECTION,SIDESWIPE-SAME DIRECTION,STRAIGHT & LEVEL,DAYLIGHT,,,8/7/2020 11:44:46 AM,False,3700,Accepted,
27048598,0300100,OWENSBORO POLICE DEPARTMENT,Accepted,DAVIESS,KY2262,100,GLOVER CARY BRIDGE,,,,,,,,,37.782218084,-87.109596253,1.229,8/6/2020 12:00:00 AM,1605,3,3,0,1,CLOUDY,DRY,False,OTHER ROADWAY OR MID-BLOCK COLLISION,REAR END,STRAIGHT & LEVEL,DAYLIGHT,,,8/6/2020 10:55:10 PM,False,389,Accepted,
27045056,0590300,ERLANGER POLICE DEPARTMENT,Accepted,KENTON,I 0075,,,,,,,,,,,39.037271564,-84.603002531,0.653,8/5/2020 12:00:00 AM,1459,2,2,0,0,CLEAR,DRY,False,OTHER RAMP RELATED COLLISIONS NOT LISTED ABOVE,SIDESWIPE-SAME DIRECTION,CURVE & LEVEL,DAYLIGHT,I 0075,I 0275,8/6/2020 4:57:09 AM,False,160,Accepted,
27160078,0730100,PADUCAH POLICE DEPARTMENT,Accepted,MCCRACKEN,I 0024,,I24 W,,,,,I 0024,I24 W EXIT7 ON RAMP FROM US62,I 0024,I24 W EXIT4 OFF RAMP TO US60,37.075346388,-88.678404354,4.594,8/5/2020 12:00:00 AM,1130,2,2,0,0,CLEAR,DRY,True,REAR END IN TRAFFIC LANES BOTH VEHICLES MOVING,REAR END,STRAIGHT & LEVEL,DAYLIGHT,,,9/2/2020 3:23:10 PM,False,373,Accepted,
27044885,0591000,LAKESIDE PK/CRESTVIEW HILLS PD,Accepted,KENTON,I 0275,,I275 W,,,,,,,,,39.026564607,-84.570550106,82.106,8/5/2020 12:00:00 AM,0645,3,3,0,0,CLEAR,DRY,True,REAR END IN TRAFFIC LANES BOTH VEHICLES MOVING,REAR END,STRAIGHT & LEVEL,DAYLIGHT,,,8/6/2020 2:44:54 AM,False,1427,Accepted,
27065901,0591300,FT. MITCHELL POLICE DEPARTMENT,Accepted,KENTON,I 0075,,I75 S,,,,,,,,,39.051884052,-84.557089436,187.351,8/5/2020 12:00:00 AM,1433,2,2,0,0,CLEAR,DRY,False,REAR END IN TRAFFIC LANES BOTH VEHICLES MOVING,REAR END,CURVE & GRADE,DAYLIGHT,,,8/11/2020 12:27:16 PM,False,FM14,Accepted,
27060127,1030000,ROWAN COUNTY SHERIFF DEPT.,Accepted,ROWAN,I 0064,,I64 E,,,,,,,,,38.185467906,-83.511442737,135.406,8/5/2020 12:00:00 AM,1120,3,3,0,0,CLEAR,DRY,False,REAR END IN TRAFFIC LANES BOTH VEHICLES MOVING,REAR END,STRAIGHT & GRADE,DAYLIGHT,,,8/10/2020 9:25:44 AM,False,S-10,Accepted,
27045980,KSP0500,KY STATE POLICE POST 05,Accepted,CARROLL,I 0071,,I71 N,,,,,,,,,38.604486701,-85.170582879,40.248,8/4/2020 12:00:00 AM,1250,2,2,0,1,CLEAR,DRY,False,OTHER ROADWAY OR MID-BLOCK COLLISION,REAR END,CURVE & LEVEL,DAYLIGHT,,,8/6/2020 9:31:53 AM,False,524,Accepted,
27045345,0590100,COVINGTON POLICE DEPARTMENT,Accepted,KENTON,I 0075,,I75 S,,,,,,,,,39.082291170,-84.522608906,190.902,8/4/2020 12:00:00 AM,1441,2,2,0,0,CLEAR,DRY,False,SIDESWIPE COLLISION - SAME DIRECTION,SIDESWIPE-SAME DIRECTION,STRAIGHT & LEVEL,DAYLIGHT,,,8/6/2020 7:05:40 AM,False,0271,Accepted,
27044883,0591000,LAKESIDE PK/CRESTVIEW HILLS PD,Accepted,KENTON,I 0275,,I275 W,,,,,,,,,39.026368536,-84.568949585,82.019,8/4/2020 12:00:00 AM,1443,2,2,0,0,CLEAR,DRY,False,SIDESWIPE COLLISION - SAME DIRECTION,SIDESWIPE-SAME DIRECTION,STRAIGHT & GRADE,DAYLIGHT,,,8/6/2020 2:44:45 AM,False,1403,Accepted,
27040076,0340200,LEXINGTON POLICE DEPARTMENT,Accepted,FAYETTE,I 0075,,I75 S,,,,,,,,,38.108005414,-84.502770445,116.327,8/4/2020 12:00:00 AM,2051,2,2,0,0,CLEAR,DRY,False,SIDESWIPE COLLISION - SAME DIRECTION,SIDESWIPE-SAME DIRECTION,STRAIGHT & LEVEL,DUSK,,,8/5/2020 2:10:52 AM,False,55458,Accepted,
27042816,0591300,FT. MITCHELL POLICE DEPARTMENT,Accepted,KENTON,I 0075,,I75 N,,,,,,,,,39.047065605,-84.574439927,186.317,8/3/2020 12:00:00 AM,1153,2,2,0,0,CLOUDY,DRY,False,OTHER ROADWAY OR MID-BLOCK COLLISION,REAR END,STRAIGHT & LEVEL,DAYLIGHT,,,8/5/2020 3:26:52 PM,False,FM14,Accepted,
27037223,0591000,LAKESIDE PK/CRESTVIEW HILLS PD,Accepted,KENTON,I 0275,,I275 W,,,,,,,,,39.026394046,-84.569235815,82.034,8/3/2020 12:00:00 AM,1204,2,2,0,2,CLEAR,DRY,False,REAR END IN TRAFFIC LANES BOTH VEHICLES MOVING,REAR END,STRAIGHT & GRADE,DAYLIGHT,,,8/4/2020 11:34:42 AM,False,1403,Accepted,
27039893,0080000,BOONE COUNTY SHERIFF DEPT.,Accepted,BOONE,I 0075,,I75 S,,,,,I 0075,I75 S EXIT178 OFF RAMP TO  MT ZION RD,I 0075,I75 S EXIT180 ON RAMP FROM,38.963443688,-84.635653572,178.514,8/3/2020 12:00:00 AM,1645,2,2,0,0,CLOUDY,DRY,False,REAR END IN TRAFFIC LANES BOTH VEHICLES MOVING,REAR END,STRAIGHT & LEVEL,DAYLIGHT,,,8/5/2020 12:56:06 AM,False,3744,Accepted,
27037022,0591000,LAKESIDE PK/CRESTVIEW HILLS PD,Accepted,KENTON,I 0275,,I275 W,,,,,,,,,39.030940059,-84.582159877,82.805,8/2/2020 12:00:00 AM,1214,2,2,0,0,CLEAR,DRY,False,REAR END IN TRAFFIC LANES BOTH VEHICLES MOVING,REAR END,STRAIGHT & LEVEL,DAYLIGHT,,,8/4/2020 10:46:33 AM,False,1432,Accepted,
27033464,0080000,BOONE COUNTY SHERIFF DEPT.,Accepted,BOONE,I 0075,,I75 S,,,,,,,,,38.913398803,-84.628758893,175.083,8/1/2020 12:00:00 AM,1334,2,2,0,1,CLOUDY,DRY,False,REAR END IN TRAFFIC LANES BOTH VEHICLES MOVING,REAR END,STRAIGHT & LEVEL,DAYLIGHT,,,8/3/2020 2:49:06 PM,False,3765,Accepted,
27091512,1110000,TRIGG COUNTY SHERIFF DEPT.,Accepted,TRIGG,I 0024,,I24 W,,,,,,,,,36.931018041,-87.814263576,59.800,8/1/2020 12:00:00 AM,0941,3,3,0,1,CLOUDY,WET,False,REAR END IN TRAFFIC LANES BOTH VEHICLES MOVING,REAR END,STRAIGHT & LEVEL,DAYLIGHT,,,8/17/2020 3:59:21 PM,False,208,Accepted,
27032838,0590100,COVINGTON POLICE DEPARTMENT,Accepted,KENTON,I 0075,189.9,I75 N,,,,,,,,,39.062287411,-84.524326641,189.414,8/1/2020 12:00:00 AM,2105,4,4,0,0,RAINING,WET,True,COLLISION WITH FIXED OBJECT NON - INTERSECTION - FIRST EVENT COLLISION 09 - 32 EXCLUDING 16,SIDESWIPE-SAME DIRECTION,CURVE & HILLCREST,DARK-HWY LIGHTED/ON,,,8/3/2020 12:06:26 PM,False,0321,Accepted,
27054376,0360100,PRESTONSBURG POLICE DEPARTMENT,Accepted,FLOYD,KY0404,,KY404,,,,,,,,,37.651141850,-82.815473377,8.154,7/31/2020 12:00:00 AM,0949,2,2,0,0,CLEAR,DRY,False,VEHICLE BACKING NON INTERSECTION,BACKING,STRAIGHT & HILLCREST,DAYLIGHT,,,8/8/2020 3:07:05 PM,False,519,Accepted,
27024282,0590300,ERLANGER POLICE DEPARTMENT,Accepted,KENTON,I 0075,,,,,,,,,,,39.037648881,-84.604889236,0.757,7/31/2020 12:00:00 AM,1458,1,1,0,0,CLEAR,DRY,False,COLLISION WITH FIXED OBJECT NOT IN GORE ,SINGLE VEHICLE,CURVE & LEVEL,DARK-HWY LIGHTED/ON,I 0075,I 0275,7/31/2020 5:27:59 PM,False,152,Accepted,
27035819,0090100,PARIS POLICE DEPARTMENT,Accepted,BOURBON,US0068X,,MAIN,ST,S,,,,,,,38.202176903,-84.261984831,0.732,7/31/2020 12:00:00 AM,1225,2,2,0,0,CLOUDY,WET,False,REAR END IN TRAFFIC LANES BOTH VEHICLES MOVING,REAR END,STRAIGHT & LEVEL,DAYLIGHT,,,8/4/2020 6:34:31 AM,False,525,Accepted,
27037021,0591000,LAKESIDE PK/CRESTVIEW HILLS PD,Accepted,KENTON,I 0275,,I275 W,,,,,,,,,39.027494625,-84.544583479,80.685,7/31/2020 12:00:00 AM,1259,2,2,0,0,CLOUDY,DRY,False,REAR END IN TRAFFIC LANES BOTH VEHICLES MOVING,REAR END,STRAIGHT & GRADE,DAYLIGHT,,,8/4/2020 10:46:29 AM,False,1427,Accepted,
27028389,KSP0800,KY STATE POLICE POST 08,Accepted,ROWAN,I 0064,,I64 E,,,,,,,,,38.186372619,-83.502623478,135.893,7/31/2020 12:00:00 AM,1324,2,2,0,0,CLEAR,DRY,True,REAR END IN TRAFFIC LANES BOTH VEHICLES MOVING,REAR END,STRAIGHT & LEVEL,DAYLIGHT,,,8/2/2020 11:29:51 AM,False,339,Accepted,
27023871,0080000,BOONE COUNTY SHERIFF DEPT.,Accepted,BOONE,KY0338,,RICHWOOD,RD,,,,I 0075,I75 S EXIT175 OFF RAMP TO  RICHWOOD DR,I 0075,I75 N EXIT175 ON RAMP FROM  RICHWOOD DR,38.917575020,-84.629342225,0.283,7/31/2020 12:00:00 AM,1007,2,2,0,0,CLOUDY,DRY,False,OTHER ROADWAY OR MID-BLOCK COLLISION,REAR END,STRAIGHT & LEVEL,DAYLIGHT,,,7/31/2020 3:41:13 PM,False,3719,Accepted,
27024280,0590300,ERLANGER POLICE DEPARTMENT,Accepted,KENTON,I 0075,,,,,,,,,,,39.032567045,-84.602364198,0.283,7/31/2020 12:00:00 AM,0900,2,2,0,0,CLOUDY,DRY,True,OTHER RAMP RELATED COLLISIONS NOT LISTED ABOVE,REAR END,STRAIGHT & LEVEL,DAYLIGHT,I 0075,I 0275,7/31/2020 5:27:53 PM,False,134,Accepted,
27024281,0590300,ERLANGER POLICE DEPARTMENT,Accepted,KENTON,I 0075,,,,,,,,,,,39.038338873,-84.606833527,0.872,7/31/2020 12:00:00 AM,1208,2,2,0,0,CLOUDY,DRY,False,OTHER RAMP RELATED COLLISIONS NOT LISTED ABOVE,SIDESWIPE-SAME DIRECTION,CURVE & LEVEL,DAYLIGHT,I 0075,I 0275,7/31/2020 5:27:56 PM,False,157,Accepted,
27078103,1170000,WEBSTER COUNTY SHERIFF DEPT.,Accepted,WEBSTER,KY0056,,KY56,,,,,,,,,37.613054150,-87.548858736,11.194,7/30/2020 12:00:00 AM,1505,2,1,0,0,CLEAR,DRY,False,REAR END IN TRAFFIC LANES BOTH VEHICLES MOVING,REAR END,STRAIGHT & GRADE,DAYLIGHT,,,8/14/2020 3:01:30 AM,False,82,Accepted,
27020042,0590300,ERLANGER POLICE DEPARTMENT,Accepted,KENTON,I 0075,,,,,,,,,,,39.037249881,-84.602892420,0.517,7/29/2020 12:00:00 AM,1707,2,2,0,0,CLEAR,DRY,True,OTHER RAMP RELATED COLLISIONS NOT LISTED ABOVE,SIDESWIPE-SAME DIRECTION,CURVE & GRADE,DAYLIGHT,I 0075,I 0275,7/30/2020 5:12:53 PM,False,164,Accepted,
27015752,0590300,ERLANGER POLICE DEPARTMENT,Accepted,KENTON,I 0075,,,,,,,,,,,39.037243615,-84.602790133,0.641,7/29/2020 12:00:00 AM,1945,2,2,0,0,CLEAR,DRY,False,OTHER RAMP RELATED COLLISIONS NOT LISTED ABOVE,SIDESWIPE-SAME DIRECTION,CURVE & LEVEL,DAYLIGHT,I 0075,I 0275,7/29/2020 11:06:12 PM,False,166,Accepted,
27015076,0590300,ERLANGER POLICE DEPARTMENT,Accepted,KENTON,I 0275,,I275 W,,,,,,,,,39.031750656,-84.586176019,83.028,7/29/2020 12:00:00 AM,0625,1,1,0,0,CLEAR,DRY,False,OTHER ROADWAY OR MID-BLOCK COLLISION,SINGLE VEHICLE,STRAIGHT & LEVEL,DAYLIGHT,,,7/29/2020 6:16:09 PM,False,164,Accepted,
27019491,0340200,LEXINGTON POLICE DEPARTMENT,Accepted,FAYETTE,KY0004,,NEW CIRCLE,RD,W,,,,,,,38.075033415,-84.498787975,9.125,7/29/2020 12:00:00 AM,0725,1,1,0,0,CLEAR,DRY,False,COLLISION WITH NON-FIXED OBJECT ,SINGLE VEHICLE,STRAIGHT & LEVEL,DAYLIGHT,,,7/30/2020 3:10:31 PM,False,55080,Accepted,