IncidentID,AgencyORI,AgencyName,IncidentStatusDesc,County,RdwyNumber,Street,RoadwayName,StreetSfx,StreetDir,IntersectionRdwy,IntersectionRdwyName,BetweenStRdwy1,BetweenStRdwyName1,BetweenStRdwy2,BetweenStRdwyName2,Latitude,Longitude,Milepoint,CollisionDate,CollisionTime,UnitsInvolved,MotorVehiclesInvolved,NumberKilled,NumberInjured,Weather,RdwyConditionCode,HitandRun,DirAnalysisCode,MannerofCollision,RdwyCharacter,LightCondition,RampFromRdwyId,RampToRdwyId,AcceptedDate,IsSecondaryCollision,OwnerBadge,IncidentStatus,
26942137,0591000,LAKESIDE PK/CRESTVIEW HILLS PD,Accepted,KENTON,I 0275,,I275 W,,,,,,,,,39.026605816,-84.571316086,82.147,7/13/2020 12:00:00 AM,1625,2,2,0,1,CLEAR,DRY,False,SIDESWIPE COLLISION - SAME DIRECTION,SIDESWIPE-SAME DIRECTION,STRAIGHT & LEVEL,DAYLIGHT,,,7/16/2020 8:38:06 PM,False,1423,Accepted,
26922736,0900000,NELSON COUNTY SHERIFF DEPT.,Accepted,NELSON,KY0049,,LORETTO,RD,,,HUTCHINS,,,,,37.776053176,-85.460057661,6.963,7/12/2020 12:00:00 AM,1432,2,2,0,0,CLEAR,DRY,False,COLLISION WITH PARKED VEHICLE,SIDESWIPE-SAME DIRECTION,STRAIGHT & GRADE,DAYLIGHT,,,7/12/2020 4:51:01 PM,False,54,Accepted,
26936839,1110000,TRIGG COUNTY SHERIFF DEPT.,Accepted,TRIGG,I 0024,,I24 W,,,,,,,,,36.885492578,-87.740439874,64.955,7/12/2020 12:00:00 AM,1830,1,1,0,0,CLOUDY,WET,False,OTHER ROADWAY OR MID-BLOCK COLLISION,SINGLE VEHICLE,STRAIGHT & LEVEL,DAYLIGHT,,,7/15/2020 5:23:31 PM,False,205,Accepted,
26920475,0590300,ERLANGER POLICE DEPARTMENT,Accepted,KENTON,I 0275,,I275 W,,,,,,,,,39.032263499,-84.590783921,83.278,7/11/2020 12:00:00 AM,1513,2,2,0,0,CLOUDY,DRY,False,SIDESWIPE COLLISION - SAME DIRECTION,SIDESWIPE-SAME DIRECTION,STRAIGHT & LEVEL,DAYLIGHT,,,7/11/2020 5:27:32 PM,False,164,Accepted,
26924046,0470200,RADCLIFF POLICE DEPARTMENT,Accepted,HARDIN,US0031W,,DIXIE,BLVD,S,,BLACKJACK,,,,,37.817393678,-85.924562848,26.030,7/11/2020 12:00:00 AM,2250,1,1,0,0,RAINING,WET,False,COLLISION WITH FIXED OBJECT IN INTERSECTION - FIRST EVENT COLLISION 09 - 32,SINGLE VEHICLE,STRAIGHT & LEVEL,DARK-HWY LIGHTED/ON,,,7/13/2020 3:33:50 AM,False,932JS,Accepted,
26915378,0590300,ERLANGER POLICE DEPARTMENT,Accepted,KENTON,I 0275,,I275 W,,,,,,,,,39.041239209,-84.610884440,0.765,7/10/2020 12:00:00 AM,0154,1,1,0,0,CLEAR,DRY,False,OTHER ROADWAY OR MID-BLOCK COLLISION,SINGLE VEHICLE,CURVE & LEVEL,DARK-HWY LIGHTED/ON,,,7/10/2020 5:39:59 AM,False,158,Accepted,
26925132,0568000,LOUISVILLE METRO POLICE DEPT,Accepted,JEFFERSON,KY0864,,CHESTNUT,ST,E,,LIBERTY,,,,,38.249857032,-85.733150078,15.839,7/10/2020 12:00:00 AM,2310,2,2,0,1,CLEAR,DRY,False,ANGLE COLLISION - OTHER,ANGLE,STRAIGHT & LEVEL,DARK-HWY LIGHTED/ON,,,7/13/2020 9:18:39 AM,False,5135,Accepted,
26921560,0340200,LEXINGTON POLICE DEPARTMENT,Accepted,FAYETTE,,1417,HIGHLAWN,AVE,,,,,,,,38.061245353,-84.469632997,0.238,7/10/2020 12:00:00 AM,2100,2,2,0,0,CLEAR,GRAVEL,True,1 VEHICLE PARKED POSITION (NOT PARKING LOT/DRIVEWAY),ANGLE,STRAIGHT & LEVEL,DARK (UNKNOWN ROADWAY LIGHTING),,,7/12/2020 2:26:53 AM,False,57489,Accepted,
26927560,0090100,PARIS POLICE DEPARTMENT,Accepted,BOURBON,,,2ND,ST,W,,,,LILLESTON,,HOUSTON,38.216677482,-84.251540056,0.260,7/10/2020 12:00:00 AM,0945,1,1,0,1,CLOUDY,DRY,False,RAN OFF ROADWAY (1 VEHICLE WITH/EARTH EMBANKMENT/DITCH),SINGLE VEHICLE,STRAIGHT & GRADE,DAYLIGHT,,,7/13/2020 4:34:01 PM,False,508,Accepted,
26915377,0590300,ERLANGER POLICE DEPARTMENT,Accepted,KENTON,I 0075,,,,,,,,,,,39.033896058,-84.603361244,0.578,7/9/2020 12:00:00 AM,1922,1,1,0,0,CLEAR,DRY,False,OTHER RAMP RELATED COLLISIONS NOT LISTED ABOVE,SINGLE VEHICLE,CURVE & LEVEL,DAYLIGHT,I 0275,I 0075,7/10/2020 5:39:56 AM,False,142,Accepted,
26913747,0340200,LEXINGTON POLICE DEPARTMENT,Accepted,FAYETTE,,,3RD,ST,E,,,,CHESTNUT,,EASTERN,38.045044160,-84.487490244,0.416,7/9/2020 12:00:00 AM,0842,1,1,0,0,CLEAR,DRY,False,OTHER ROADWAY OR MID-BLOCK COLLISION,SINGLE VEHICLE,CURVE & GRADE,DAYLIGHT,,,7/9/2020 5:07:55 PM,False,37509,Accepted,
26913326,1000100,SOMERSET POLICE DEPARTMENT,Accepted,PULASKI,LN9008,,,,,,,,,,,37.102805331,-84.661472521,0.220,7/9/2020 12:00:00 AM,0908,2,2,0,0,CLEAR,DRY,False,OTHER RAMP RELATED COLLISIONS NOT LISTED ABOVE,REAR END,CURVE & GRADE,DAYLIGHT,LN9008,KY0914,7/9/2020 3:33:07 PM,False,56,Accepted,
26942139,0591000,LAKESIDE PK/CRESTVIEW HILLS PD,Accepted,KENTON,I 0275,,I275 W,,,,,,,,,39.026379629,-84.569369875,82.041,7/9/2020 12:00:00 AM,2023,2,2,0,2,CLOUDY,DRY,False,OTHER ROADWAY OR MID-BLOCK COLLISION,REAR END,STRAIGHT & GRADE,DAYLIGHT,,,7/16/2020 8:38:13 PM,False,1426,Accepted,
26931419,1180100,CORBIN POLICE DEPARTMENT,Accepted,WHITLEY,US0025W,,CUMBERLAND FALLS,HWY,,,,,,,,36.909769232,-84.151738152,28.244,7/9/2020 12:00:00 AM,1350,2,2,0,0,CLEAR,DRY,False,1 VEHICLE ENTERING/LEAVING ENTRANCE,ANGLE,STRAIGHT & LEVEL,DAYLIGHT,,,7/14/2020 2:21:38 PM,False,420,Accepted,
26937093,0370000,FRANKLIN COUNTY SHERIFF,Accepted,FRANKLIN,US0127,,US127,,S,,,,,,,38.108260095,-84.915244446,0.602,7/9/2020 12:00:00 AM,2135,2,2,0,1,CLEAR,DRY,False,REAR END IN TRAFFIC LANES BOTH VEHICLES MOVING,REAR END,CURVE & GRADE,DARK-HWY NOT LIGHTED,,,7/15/2020 7:03:38 PM,False,1299,Accepted,
26916820,0591300,FT. MITCHELL POLICE DEPARTMENT,Accepted,KENTON,I 0075,,I75 N,,,,,,,,,39.046278862,-84.575519190,186.235,7/9/2020 12:00:00 AM,2208,2,2,0,1,CLEAR,DRY,False,REAR END IN TRAFFIC LANES BOTH VEHICLES MOVING,REAR END,STRAIGHT & LEVEL,DARK-HWY LIGHTED/ON,,,7/10/2020 11:37:37 AM,False,FM13,Accepted,
26914654,0340200,LEXINGTON POLICE DEPARTMENT,Accepted,FAYETTE,US0025,,NEWTOWN,PIKE,,,,,MARYLAND,,3RD,38.057699893,-84.501720314,14.954,7/9/2020 12:00:00 AM,2030,2,1,0,1,CLEAR,DRY,True,COLLISION WITH BICYCLIST NON INTERSECTION,SINGLE VEHICLE,CURVE & LEVEL,DARK-HWY LIGHTED/ON,,,7/10/2020 12:05:54 AM,False,57489,Accepted,
26925242,KSP0200,KY STATE POLICE POST 02,Accepted,CHRISTIAN,EB9004,,EB9004 S,,,,,,,,,37.048762469,-87.463873674,22.537,7/8/2020 12:00:00 AM,1435,2,2,0,0,CLOUDY,WET,False,1 VEHICLE ENTERING/LEAVING ENTRANCE,ANGLE,STRAIGHT & LEVEL,DAYLIGHT,,,7/13/2020 9:28:05 AM,False,449,Accepted,
26919725,1140100,BOWLING GREEN POLICE,Accepted,WARREN,,,DOUBLE SPRINGS,RD,,,RAVEN,,,,,37.007678720,-86.447222914,0.826,7/8/2020 12:00:00 AM,1003,2,2,0,0,CLEAR,DRY,False,ANGLE COLLISION - OTHER,ANGLE,STRAIGHT & LEVEL,DAYLIGHT,,,7/11/2020 8:57:33 AM,False,140,Accepted,
26931112,0591300,FT. MITCHELL POLICE DEPARTMENT,Accepted,KENTON,I 0075,,I75 N,,,,,,,,,39.051762899,-84.558054538,187.319,7/8/2020 12:00:00 AM,0721,2,2,0,0,CLEAR,DRY,False,VEHICLE BACKING NON INTERSECTION,BACKING,CURVE & GRADE,DAYLIGHT,,,7/14/2020 1:32:51 PM,False,FM14,Accepted,
26917638,0470200,RADCLIFF POLICE DEPARTMENT,Accepted,HARDIN,US0031W,,DIXIE,BLVD,S,,,,BLACKJACK,,DIXIE MOBILE,37.818035923,-85.924837381,26.072,7/8/2020 12:00:00 AM,1826,2,2,0,0,CLEAR,DRY,True,REAR END IN TRAFFIC LANES BOTH VEHICLES MOVING,REAR END,STRAIGHT & LEVEL,DAYLIGHT,,,7/10/2020 4:02:39 PM,False,943RT,Accepted,
26909447,0590300,ERLANGER POLICE DEPARTMENT,Accepted,KENTON,I 0075,,,,,,,,,,,39.037523075,-84.595844702,0.238,7/8/2020 12:00:00 AM,1127,2,2,0,1,CLEAR,DRY,False,OTHER RAMP RELATED COLLISIONS NOT LISTED ABOVE,REAR END,CURVE & LEVEL,DAYLIGHT,I 0075,I 0275,7/8/2020 5:18:14 PM,False,134,Accepted,
26942131,0591000,LAKESIDE PK/CRESTVIEW HILLS PD,Accepted,KENTON,I 0275,,I275 W,,,,,,,,,39.030874050,-84.581976300,82.794,7/7/2020 12:00:00 AM,1520,2,2,0,0,CLEAR,DRY,False,SIDESWIPE COLLISION - SAME DIRECTION,SIDESWIPE-SAME DIRECTION,STRAIGHT & LEVEL,DAYLIGHT,,,7/16/2020 8:37:46 PM,False,1423,Accepted,
26931111,0591300,FT. MITCHELL POLICE DEPARTMENT,Accepted,KENTON,I 0075,,I75 N,,,,,,,,,39.043627694,-84.579292674,185.953,7/7/2020 12:00:00 AM,0747,2,2,0,0,CLEAR,DRY,True,REAR END IN TRAFFIC LANES BOTH VEHICLES MOVING,REAR END,STRAIGHT & LEVEL,DAYLIGHT,,,7/14/2020 1:32:47 PM,False,FM14,Accepted,
26904127,0590300,ERLANGER POLICE DEPARTMENT,Accepted,KENTON,I 0275,,I275 W,,,,,,,,,39.032049781,-84.588412424,83.149,7/7/2020 12:00:00 AM,1128,2,2,0,0,CLEAR,DRY,False,REAR END IN TRAFFIC LANES BOTH VEHICLES MOVING,REAR END,STRAIGHT & LEVEL,DAYLIGHT,,,7/7/2020 4:18:47 PM,False,152,Accepted,
26904236,0340200,LEXINGTON POLICE DEPARTMENT,Accepted,FAYETTE,KY0004,,NEW CIRCLE,RD,E,,,KY0004,KY4 EXIT18 RAMP FROM KY1974,KY0004,KY4 EXIT16 RAMP TO  ALUMNI DR E,37.991539721,-84.486399637,17.351,7/7/2020 12:00:00 AM,1301,2,2,0,0,CLOUDY,DRY,False,REAR END IN TRAFFIC LANES BOTH VEHICLES MOVING,REAR END,STRAIGHT & LEVEL,DAYLIGHT,,,7/7/2020 4:45:46 PM,False,57922,Accepted,
26918607,0080000,BOONE COUNTY SHERIFF DEPT.,Accepted,BOONE,I 0075,,I75 N,,,,,,,,,39.006104045,-84.641731352,181.637,7/7/2020 12:00:00 AM,2306,2,2,0,2,CLEAR,DRY,False,REAR END IN TRAFFIC LANES BOTH VEHICLES MOVING,REAR END,STRAIGHT & LEVEL,DARK-HWY LIGHTED/ON,,,7/10/2020 11:52:06 PM,False,3207,Accepted,
26937595,KSP0100,KY STATE POLICE POST 01,Accepted,TRIGG,I 0024,,I24 W,,,,,,,,,36.946065912,-87.835570057,58.200,7/6/2020 12:00:00 AM,1025,3,3,0,0,CLEAR,DRY,False,REAR END IN TRAFFIC LANES BOTH VEHICLES MOVING,REAR END,STRAIGHT & LEVEL,DAYLIGHT,,,7/15/2020 11:11:46 PM,False,723,Accepted,
26924995,1110000,TRIGG COUNTY SHERIFF DEPT.,Accepted,TRIGG,I 0024,,I24 E,,,,,,,,,36.932043347,-87.816158094,59.680,7/6/2020 12:00:00 AM,1444,2,2,0,0,CLEAR,DRY,False,REAR END IN TRAFFIC LANES BOTH VEHICLES MOVING,REAR END,STRAIGHT & LEVEL,DAYLIGHT,,,7/13/2020 8:59:24 AM,False,207,Accepted,
26916224,0630000,LAUREL COUNTY SHERIFF DEPT.,Accepted,LAUREL,I 0075,,I75 N,,,,,,,,,36.984299261,-84.109685120,29.388,7/5/2020 12:00:00 AM,1419,3,3,0,0,CLEAR,DRY,False,REAR END IN TRAFFIC LANES BOTH VEHICLES MOVING,REAR END,STRAIGHT & LEVEL,DAYLIGHT,,,7/10/2020 9:15:04 AM,False,1122,Accepted,
26897210,0568000,LOUISVILLE METRO POLICE DEPT,Accepted,JEFFERSON,I 0265,,I265 E,,,,,,,,,38.215661417,-85.506214845,24.990,7/5/2020 12:00:00 AM,1401,1,1,0,0,CLEAR,DRY,False,COLLISION WITH FIXED OBJECT NON - INTERSECTION - FIRST EVENT COLLISION 09 - 32 EXCLUDING 16,SINGLE VEHICLE,STRAIGHT & LEVEL,DAYLIGHT,,,7/6/2020 9:11:35 AM,False,7751,Accepted,
26903430,1090000,TAYLOR COUNTY SHERIFF DEPT.,Accepted,TAYLOR,KY0055,,NEW COLUMBIA,RD,,,,,,,,37.252027446,-85.359188914,3.640,7/4/2020 12:00:00 AM,2158,1,1,0,0,CLEAR,DRY,False,COLLISION WITH ANIMAL NON INTERSECTION,SINGLE VEHICLE,STRAIGHT & HILLCREST,DARK-HWY NOT LIGHTED,,,7/7/2020 1:19:31 PM,False,1509,Accepted,
26886794,0340200,LEXINGTON POLICE DEPARTMENT,Accepted,FAYETTE,KY0004,,NEW CIRCLE,RD,E,,,KY0004,KY4 EXIT13 RAMP FROM US60,,EASTLAND,38.045624043,-84.453940103,12.540,7/2/2020 12:00:00 AM,2115,2,2,0,0,CLEAR,DRY,True,REAR END IN TRAFFIC LANES BOTH VEHICLES MOVING,REAR END,STRAIGHT & LEVEL,DUSK,,,7/3/2020 1:14:02 AM,False,49769,Accepted,
26909999,0591000,LAKESIDE PK/CRESTVIEW HILLS PD,Accepted,KENTON,I 0275,,I275 W,,,,,,,,,39.025810757,-84.563397446,81.716,7/2/2020 12:00:00 AM,1316,2,2,0,0,CLEAR,DRY,False,REAR END IN TRAFFIC LANES BOTH VEHICLES MOVING,REAR END,STRAIGHT & LEVEL,DAYLIGHT,,,7/8/2020 9:13:38 PM,False,1430,Accepted,
26886047,0340200,LEXINGTON POLICE DEPARTMENT,Accepted,FAYETTE,KY0004,,,,,,,,,,,38.073979295,-84.491877039,0.242,7/2/2020 12:00:00 AM,1745,2,2,0,0,CLEAR,DRY,False,OTHER RAMP RELATED COLLISIONS NOT LISTED ABOVE,REAR END,STRAIGHT & LEVEL,DAYLIGHT,KY0922,KY0004,7/2/2020 7:42:11 PM,False,55446,Accepted,
26888987,0340200,LEXINGTON POLICE DEPARTMENT,Accepted,FAYETTE,US0027,,LIMESTONE,,S,,VIRGINIA,,,,,38.034942703,-84.508366333,5.158,7/2/2020 12:00:00 AM,0915,2,2,0,0,CLEAR,DRY,False,COLLISION WITH PARKED VEHICLE,ANGLE,STRAIGHT & LEVEL,DAYLIGHT,,,7/3/2020 5:40:55 PM,False,56412,Accepted,
26902204,0890200,CENTRAL CITY POLICE DEPARTMENT,Accepted,MUHLENBERG,US0062,,EVERLY BROTHERS,BLVD,,KY2103,ASH,,,,,37.283908926,-87.128029345,17.345,7/2/2020 12:00:00 AM,1447,2,2,0,0,CLEAR,DRY,False,ANGLE COLLISION - OTHER,ANGLE,STRAIGHT & HILLCREST,DAYLIGHT,,,7/7/2020 8:47:43 AM,False,163,Accepted,
26880660,0590300,ERLANGER POLICE DEPARTMENT,Accepted,KENTON,I 0275,83.1,I275 W,,,,,,,,,39.032074627,-84.588770184,83.169,7/1/2020 12:00:00 AM,0845,2,2,0,0,CLEAR,DRY,False,OTHER ROADWAY OR MID-BLOCK COLLISION,REAR END,STRAIGHT & LEVEL,DAYLIGHT,,,7/1/2020 3:05:00 PM,False,152,Accepted,
26875335,KSP1100,KY STATE POLICE POST 11,Accepted,LAUREL,I 0075,,I75 S,,,,,,,,,36.998302371,-84.106970013,30.364,6/30/2020 12:00:00 AM,0640,2,2,0,0,CLEAR,DRY,False,REAR END IN TRAFFIC LANES BOTH VEHICLES MOVING,REAR END,STRAIGHT & GRADE,DAWN,,,6/30/2020 10:52:26 AM,False,376,Accepted,
26877053,0340200,LEXINGTON POLICE DEPARTMENT,Accepted,FAYETTE,US0027,,LIMESTONE,,S,,,,VIRGINIA,,WASHINGTON,38.035641317,-84.508047349,5.212,6/29/2020 12:00:00 AM,1358,2,1,0,0,CLOUDY,DRY,False,COLLISION WITH BICYCLIST NON INTERSECTION,SINGLE VEHICLE,STRAIGHT & LEVEL,DAYLIGHT,,,6/30/2020 4:50:10 PM,False,40247,Accepted,
26874772,0568000,LOUISVILLE METRO POLICE DEPT,Accepted,JEFFERSON,I 0265,,I265 S,,,,,,,,,38.218691792,-85.506106700,25.166,6/29/2020 12:00:00 AM,1034,2,2,0,0,CLOUDY,WET,False,SIDESWIPE COLLISION - SAME DIRECTION,SIDESWIPE-SAME DIRECTION,STRAIGHT & LEVEL,DAYLIGHT,,,6/30/2020 9:05:43 AM,False,4903,Accepted,
26890293,0591300,FT. MITCHELL POLICE DEPARTMENT,Accepted,KENTON,I 0075,,I75 S,,,,,,,,,39.052015063,-84.558636887,187.266,6/28/2020 12:00:00 AM,1955,2,2,0,0,RAINING,WET,False,OTHER ROADWAY OR MID-BLOCK COLLISION,REAR END,STRAIGHT & GRADE,DAYLIGHT,,,7/4/2020 2:29:40 AM,False,FM18,Accepted,
26869710,0591000,LAKESIDE PK/CRESTVIEW HILLS PD,Accepted,KENTON,I 0275,,I275 W,,,,,,,,,39.025651911,-84.561828382,81.631,6/27/2020 12:00:00 AM,1143,2,2,0,0,CLOUDY,WET,False,REAR END IN TRAFFIC LANES BOTH VEHICLES MOVING,REAR END,STRAIGHT & GRADE,DAYLIGHT,,,6/29/2020 3:07:27 AM,False,1430,Accepted,
26869709,0591000,LAKESIDE PK/CRESTVIEW HILLS PD,Accepted,KENTON,I 0275,,I275 W EXIT83 TRANSIT,,,,,,,,,39.029744029,-84.579392916,0.347,6/27/2020 12:00:00 AM,1533,2,2,0,0,CLOUDY,DRY,False,REAR END IN TRAFFIC LANES BOTH VEHICLES MOVING,REAR END,STRAIGHT & LEVEL,DAYLIGHT,,,6/29/2020 3:07:24 AM,False,1430,Accepted,
26871890,1110000,TRIGG COUNTY SHERIFF DEPT.,Accepted,TRIGG,I 0024,,I24 W,,,,,,,,,36.854734029,-87.701146308,68.027,6/27/2020 12:00:00 AM,1155,2,2,0,0,RAINING,WET,False,REAR END IN TRAFFIC LANES BOTH VEHICLES MOVING,REAR END,STRAIGHT & LEVEL,DAYLIGHT,,,6/29/2020 1:44:42 PM,False,208,Accepted,
26869708,0591000,LAKESIDE PK/CRESTVIEW HILLS PD,Accepted,KENTON,I 0275,,I275 W,,,,,,,,,39.025653919,-84.561698250,81.624,6/26/2020 12:00:00 AM,1238,2,2,0,0,CLOUDY,DRY,False,REAR END IN TRAFFIC LANES BOTH VEHICLES MOVING,REAR END,STRAIGHT & GRADE,DAYLIGHT,,,6/29/2020 3:07:21 AM,False,1430,Accepted,
26869707,0591000,LAKESIDE PK/CRESTVIEW HILLS PD,Accepted,KENTON,I 0275,,I275 W,,,,,,,,,39.030545985,-84.581162383,82.745,6/26/2020 12:00:00 AM,1027,2,2,0,0,CLEAR,DRY,False,SIDESWIPE COLLISION - SAME DIRECTION,SIDESWIPE-SAME DIRECTION,STRAIGHT & GRADE,DAYLIGHT,,,6/29/2020 3:07:18 AM,False,1430,Accepted,
26862836,KSP1100,KY STATE POLICE POST 11,Accepted,LAUREL,I 0075,,I75 N,,,,,,,,,37.189920496,-84.144542859,44.353,6/26/2020 12:00:00 AM,0900,2,2,0,0,CLEAR,DRY,False,1 VEHICLE PARKED POSITION (NOT PARKING LOT/DRIVEWAY),BACKING,STRAIGHT & LEVEL,DAYLIGHT,,,6/26/2020 12:44:48 PM,False,376,Accepted,
26860786,0340200,LEXINGTON POLICE DEPARTMENT,Accepted,FAYETTE,I 0075,,I75 N,,,,,I 0075,I75 N EXIT104 ON RAMP FROM KY418,I 0075,I75 N EXIT108 OFF RAMP TO  MAN O WAR BLVD,38.002019713,-84.400532546,106.716,6/25/2020 12:00:00 AM,2145,1,1,0,0,CLEAR,DRY,False,COLLISION WITH NON-FIXED OBJECT ,SINGLE VEHICLE,STRAIGHT & LEVEL,DUSK,,,6/25/2020 11:54:44 PM,False,49769,Accepted,
26869705,0591000,LAKESIDE PK/CRESTVIEW HILLS PD,Accepted,KENTON,I 0275,,I275 W,,,,,,,,,39.027533460,-84.544448406,80.678,6/25/2020 12:00:00 AM,1651,1,1,0,0,CLEAR,DRY,False,COLLISION WITH FIXED OBJECT NON - INTERSECTION - FIRST EVENT COLLISION 09 - 32 EXCLUDING 16,SINGLE VEHICLE,STRAIGHT & GRADE,DAYLIGHT,,,6/29/2020 3:07:12 AM,False,1410,Accepted,
26858305,0340200,LEXINGTON POLICE DEPARTMENT,Accepted,FAYETTE,US0025,,GEORGETOWN,RD,,,,,BRIARWOOD,,NANDINO,38.079509467,-84.508065692,16.513,6/24/2020 12:00:00 AM,1733,2,2,0,0,CLEAR,DRY,False,OTHER ROADWAY OR MID-BLOCK COLLISION,REAR END,STRAIGHT & LEVEL,DAYLIGHT,,,6/25/2020 9:47:35 AM,False,56413,Accepted,
26859360,0591000,LAKESIDE PK/CRESTVIEW HILLS PD,Accepted,KENTON,I 0275,,I275 W,,,,,,,,,39.026034938,-84.565626383,81.837,6/24/2020 12:00:00 AM,1628,3,3,0,0,CLEAR,DRY,False,OTHER ROADWAY OR MID-BLOCK COLLISION,REAR END,STRAIGHT & GRADE,DAYLIGHT,,,6/25/2020 2:55:37 PM,False,1426,Accepted,
26856211,0590100,COVINGTON POLICE DEPARTMENT,Accepted,KENTON,I 0075,,I75 S,,,,,,,,,39.086271571,-84.522873312,191.211,6/23/2020 12:00:00 AM,1115,2,2,0,1,CLOUDY,DRY,False,REAR END IN TRAFFIC LANES BOTH VEHICLES MOVING,REAR END,STRAIGHT & LEVEL,DAYLIGHT,,,6/24/2020 7:04:13 PM,False,0230,Accepted,
26853382,0590000,KENTON COUNTY SHERIFF DEPT.,Accepted,KENTON,US0025,,DIXIE,HWY,,,,KY1072,KYLES,KY1072,SLEEPY HOLLOW,39.062788994,-84.538829751,10.955,6/23/2020 12:00:00 AM,1043,2,2,0,0,CLOUDY,DRY,False,SIDESWIPE COLLISION - SAME DIRECTION,SIDESWIPE-SAME DIRECTION,CURVE & LEVEL,DAYLIGHT,,,6/24/2020 5:51:53 AM,False,411,Accepted,
26930654,KSP0100,KY STATE POLICE POST 01,Accepted,TRIGG,I 0024,,I24 W,,,,,,,,,36.906908053,-87.774269307,62.572,6/22/2020 12:00:00 AM,1530,2,2,0,0,CLOUDY,WET,False,OTHER ROADWAY OR MID-BLOCK COLLISION,REAR TO REAR,STRAIGHT & LEVEL,DAYLIGHT,,,7/14/2020 11:53:39 AM,False,991,Accepted,
26847656,0340200,LEXINGTON POLICE DEPARTMENT,Accepted,FAYETTE,KY0004,,NEW CIRCLE,RD,W,,,US0025,GEORGETOWN,KY0004,KY4 EXIT8 RAMP FROM US25,38.074684214,-84.504708321,8.800,6/22/2020 12:00:00 AM,0906,2,2,0,0,CLOUDY,DRY,False,OCCUPANT FELL FROM MOVING VEHICLE,ANGLE,STRAIGHT & LEVEL,DAYLIGHT,,,6/22/2020 5:05:33 PM,False,32684,Accepted,
26989042,0470100,ELIZABETHTOWN POLICE DEPT.,Accepted,HARDIN,KY0361,,CARDINAL,DR,,,,,HELMWOOD,,HELMWOOD,37.709298672,-85.876847317,0.247,6/21/2020 12:00:00 AM,1329,2,2,0,0,CLOUDY,DRY,False,SIDESWIPE COLLISION - OPPOSITE DIRECTION,SIDESWIPE-OPPOSITE DIRECTION,CURVE & HILLCREST,DAYLIGHT,,,7/26/2020 6:39:07 AM,False,0084,Accepted,
26844390,0590300,ERLANGER POLICE DEPARTMENT,Accepted,KENTON,I 0075,,,,,,,,,,,39.032857616,-84.593143752,0.229,6/21/2020 12:00:00 AM,2011,1,1,0,0,RAINING,WET,False,COLLISION WITH FIXED OBJECT NOT IN GORE ,SINGLE VEHICLE,CURVE & LEVEL,DAYLIGHT,I 0275,I 0075,6/22/2020 1:56:58 AM,False,134,Accepted,
26859356,0591000,LAKESIDE PK/CRESTVIEW HILLS PD,Accepted,KENTON,I 0275,,I275 W,,,,,,,,,39.030847367,-84.581903481,82.789,6/20/2020 12:00:00 AM,1718,2,2,0,0,CLEAR,DRY,False,REAR END IN TRAFFIC LANES BOTH VEHICLES MOVING,REAR END,STRAIGHT & LEVEL,DAYLIGHT,,,6/25/2020 2:55:26 PM,False,1428,Accepted,
26841388,0470200,RADCLIFF POLICE DEPARTMENT,Accepted,HARDIN,US0031W,7120,DIXIE,HWY,N,,,,,,,37.788107301,-85.911770703,23.771,6/19/2020 12:00:00 AM,1531,2,2,0,3,CLEAR,DRY,False,REAR END IN TRAFFIC LANES BOTH VEHICLES MOVING,REAR END,STRAIGHT & LEVEL,DAYLIGHT,,,6/20/2020 8:53:58 PM,False,929TL,Accepted,
26838615,0590300,ERLANGER POLICE DEPARTMENT,Accepted,KENTON,I 0275,,I275 W,,,,,,,,,39.038813542,-84.607681019,0.522,6/19/2020 12:00:00 AM,1519,2,2,0,0,CLEAR,DRY,False,REAR END IN TRAFFIC LANES BOTH VEHICLES MOVING,REAR END,STRAIGHT & GRADE,DAYLIGHT,,,6/19/2020 6:20:39 PM,False,164,Accepted,
26841029,0080000,BOONE COUNTY SHERIFF DEPT.,Accepted,BOONE,I 0075,,I75 S,,,,,,,,,38.930353687,-84.631090270,176.248,6/19/2020 12:00:00 AM,1551,2,2,0,0,CLEAR,DRY,False,SIDESWIPE COLLISION - SAME DIRECTION,SIDESWIPE-SAME DIRECTION,STRAIGHT & LEVEL,DAYLIGHT,,,6/20/2020 5:25:57 PM,False,3309,Accepted,
26833056,0590300,ERLANGER POLICE DEPARTMENT,Accepted,KENTON,I 0275,,I275 W,,,,,,,,,39.041009378,-84.610636798,0.744,6/18/2020 12:00:00 AM,0655,2,2,0,0,CLEAR,DRY,False,SIDESWIPE COLLISION - SAME DIRECTION,SIDESWIPE-SAME DIRECTION,STRAIGHT & LEVEL,DAYLIGHT,,,6/18/2020 1:12:47 PM,False,166,Accepted,