IncidentID,AgencyORI,AgencyName,IncidentStatusDesc,County,RdwyNumber,Street,RoadwayName,StreetSfx,StreetDir,IntersectionRdwy,IntersectionRdwyName,BetweenStRdwy1,BetweenStRdwyName1,BetweenStRdwy2,BetweenStRdwyName2,Latitude,Longitude,Milepoint,CollisionDate,CollisionTime,UnitsInvolved,MotorVehiclesInvolved,NumberKilled,NumberInjured,Weather,RdwyConditionCode,HitandRun,DirAnalysisCode,MannerofCollision,RdwyCharacter,LightCondition,RampFromRdwyId,RampToRdwyId,AcceptedDate,IsSecondaryCollision,OwnerBadge,IncidentStatus,
27022103,0568000,LOUISVILLE METRO POLICE DEPT,Accepted,JEFFERSON,I 0071,,I71 N,,,,,,,,,38.317550108,-85.574295652,9.550,6/18/2020 12:00:00 AM,2035,1,1,0,2,RAINING,WET,False,COLLISION WITH FIXED OBJECT NON - INTERSECTION - FIRST EVENT COLLISION 09 - 32 EXCLUDING 16,SINGLE VEHICLE,CURVE & LEVEL,DUSK,,,7/31/2020 8:11:45 AM,False,7369,Accepted,
26828787,0190700,ALEXANDRIA POLICE DEPARTMENT,Accepted,CAMPBELL,KY0010,,MAIN,ST,E,,,,FAIRGROUND,,THATCHER,38.959290197,-84.382510922,1.958,6/17/2020 12:00:00 AM,0033,1,1,0,0,CLEAR,DRY,False,COLLISION WITH FIXED OBJECT NON - INTERSECTION - FIRST EVENT COLLISION 09 - 32 EXCLUDING 16,SINGLE VEHICLE,CURVE & LEVEL,DARK-HWY LIGHTED/ON,,,6/17/2020 2:15:36 PM,False,714,Accepted,
26835667,0970100,HAZARD POLICE DEPARTMENT,Accepted,PERRY,KY0015,,KY15,,N,,,,,,,37.277718491,-83.215672304,14.338,6/17/2020 12:00:00 AM,0954,2,2,0,1,CLEAR,DRY,False,1 VEHICLE ENTERING/LEAVING ENTRANCE,ANGLE,STRAIGHT & LEVEL,DAYLIGHT,,,6/19/2020 6:19:58 AM,False,412,Accepted,
26838119,0470200,RADCLIFF POLICE DEPARTMENT,Accepted,HARDIN,US0031W,1511,DIXIE,BLVD,S,,,,,,,37.821927705,-85.926379090,26.303,6/17/2020 12:00:00 AM,1522,2,2,0,2,CLEAR,DRY,False,REAR END IN TRAFFIC LANES BOTH VEHICLES MOVING,REAR END,STRAIGHT & LEVEL,DAYLIGHT,,,6/19/2020 4:11:53 PM,False,929TL,Accepted,
26850705,0660000,LESLIE COUNTY SHERIFF DEPT.,Accepted,LESLIE,US0421,,US421,,,,,,,,,37.147488195,-83.380982903,20.640,6/16/2020 12:00:00 AM,1620,2,2,0,1,CLEAR,DRY,False,OTHER ROADWAY OR MID-BLOCK COLLISION,REAR END,STRAIGHT & LEVEL,DAYLIGHT,,,6/23/2020 12:44:35 PM,False,SO12,Accepted,
26854716,0568000,LOUISVILLE METRO POLICE DEPT,Accepted,JEFFERSON,,,BARRET,AVE,,,,,,,,38.235975461,-85.727935596,0.987,6/16/2020 12:00:00 AM,1245,2,2,0,0,CLEAR,DRY,False,1 VEHICLE PARKED POSITION (NOT PARKING LOT/DRIVEWAY),SIDESWIPE-SAME DIRECTION,STRAIGHT & LEVEL,DAYLIGHT,,,6/24/2020 12:30:19 PM,False,7280,Accepted,
26824982,0080000,BOONE COUNTY SHERIFF DEPT.,Accepted,BOONE,KY0536,,MT ZION,RD,,,,,HAVEN HILL,,TIBURON,38.956040588,-84.639841118,13.071,6/15/2020 12:00:00 AM,1045,2,2,0,0,CLEAR,DRY,False,SIDESWIPE COLLISION - SAME DIRECTION,SIDESWIPE-SAME DIRECTION,STRAIGHT & LEVEL,DAYLIGHT,,,6/16/2020 4:02:52 PM,False,3753,Accepted,
26910001,0591000,LAKESIDE PK/CRESTVIEW HILLS PD,Accepted,KENTON,I 0275,,I275 W,,,,,,,,,39.026612814,-84.571374329,82.150,6/15/2020 12:00:00 AM,0755,2,2,0,1,CLEAR,DRY,False,REAR END IN TRAFFIC LANES BOTH VEHICLES MOVING,REAR END,STRAIGHT & LEVEL,DAYLIGHT,,,7/8/2020 9:13:44 PM,False,1423,Accepted,
26850760,0630000,LAUREL COUNTY SHERIFF DEPT.,Accepted,LAUREL,I 0075,,I75 N,,,,,,,,,36.982329468,-84.110078792,29.251,6/14/2020 12:00:00 AM,1630,2,2,0,0,CLEAR,DRY,False,REAR END IN TRAFFIC LANES BOTH VEHICLES MOVING,REAR END,STRAIGHT & LEVEL,DAYLIGHT,,,6/23/2020 12:59:32 PM,False,1122,Accepted,
26806915,0591000,LAKESIDE PK/CRESTVIEW HILLS PD,Accepted,KENTON,I 0275,,I275 W,,,,,,,,,39.027193258,-84.574303034,82.310,6/13/2020 12:00:00 AM,1150,2,2,0,1,CLEAR,DRY,False,REAR END IN TRAFFIC LANES BOTH VEHICLES MOVING,REAR END,STRAIGHT & LEVEL,DAYLIGHT,,,6/14/2020 10:39:17 PM,False,1430,Accepted,
26808439,0470200,RADCLIFF POLICE DEPARTMENT,Accepted,HARDIN,US0031W,1700,DIXIE,BLVD,S,,,,BLACKJACK,,DIXIE MOBILE,37.818470745,-85.924999347,26.099,6/13/2020 12:00:00 AM,1300,2,2,0,0,CLEAR,DRY,False,OTHER ROADWAY OR MID-BLOCK COLLISION,REAR END,STRAIGHT & GRADE,DAYLIGHT,,,6/15/2020 8:51:31 AM,False,903JF,Accepted,
26809186,1110000,TRIGG COUNTY SHERIFF DEPT.,Accepted,TRIGG,I 0024,,I24 W,,,,,,,,,36.909756729,-87.779012118,62.244,6/13/2020 12:00:00 AM,2234,1,1,0,0,CLEAR,DRY,False,OTHER ROADWAY OR MID-BLOCK COLLISION,SINGLE VEHICLE,STRAIGHT & LEVEL,DARK-HWY NOT LIGHTED,,,6/15/2020 10:18:09 AM,False,203,Accepted,
26802020,0340200,LEXINGTON POLICE DEPARTMENT,Accepted,FAYETTE,I 0075,,I75 S,,,,,I 0075,I75 S EXIT113 ON RAMP FROM US27,I 0064,I75 S EXIT111 RAMP TO I64 E,38.059021476,-84.435411460,111.300,6/12/2020 12:00:00 AM,1636,2,2,0,0,CLEAR,DRY,False,OTHER ROADWAY OR MID-BLOCK COLLISION,REAR END,STRAIGHT & LEVEL,DAYLIGHT,,,6/12/2020 11:28:02 PM,False,46620,Accepted,
26801314,0590300,ERLANGER POLICE DEPARTMENT,Accepted,KENTON,I 0275,,I275 W,,,,,,,,,39.035451693,-84.601169235,0.101,6/12/2020 12:00:00 AM,0627,2,2,0,0,CLEAR,DRY,False,REAR END IN TRAFFIC LANES BOTH VEHICLES MOVING,REAR END,STRAIGHT & GRADE,DAWN,,,6/12/2020 5:40:48 PM,False,151,Accepted,
26800794,0300100,OWENSBORO POLICE DEPARTMENT,Accepted,DAVIESS,,2849,LEWIS,LN,,,,,,,,37.741845275,-87.131604133,0.664,6/11/2020 12:00:00 AM,1101,1,1,0,1,CLEAR,DRY,False,OTHER ROADWAY OR MID-BLOCK COLLISION,SINGLE VEHICLE,STRAIGHT & LEVEL,DAYLIGHT,,,6/12/2020 3:10:56 PM,False,346,Accepted,
26801318,0370200,KY STATE POLICE CVE,Accepted,LAUREL,I 0075,,I75 S,,,,,,,,,37.007153683,-84.103966111,31.008,6/11/2020 12:00:00 AM,1350,2,2,0,0,CLEAR,DRY,False,SIDESWIPE COLLISION - SAME DIRECTION,SIDESWIPE-SAME DIRECTION,CURVE & LEVEL,DAYLIGHT,,,6/12/2020 5:43:34 PM,False,C-357,Accepted,
26806913,0591000,LAKESIDE PK/CRESTVIEW HILLS PD,Accepted,KENTON,I 0275,,I275 W,,,,,,,,,39.025642054,-84.561506006,81.614,6/11/2020 12:00:00 AM,0950,2,2,0,1,CLEAR,DRY,False,REAR END IN TRAFFIC LANES BOTH VEHICLES MOVING,REAR END,CURVE & GRADE,DAYLIGHT,,,6/14/2020 10:39:09 PM,False,1430,Accepted,
26806456,0080000,BOONE COUNTY SHERIFF DEPT.,Accepted,BOONE,I 0275,,I275 W,,,,,,,,,39.051718929,-84.622275608,1.739,6/10/2020 12:00:00 AM,1515,2,2,0,0,CLEAR,DRY,False,REAR END IN TRAFFIC LANES BOTH VEHICLES MOVING,REAR END,STRAIGHT & LEVEL,DAYLIGHT,,,6/14/2020 6:36:01 PM,False,3706,Accepted,
26835749,0350000,FLEMING COUNTY SHERIFF DEPT.,Accepted,FLEMING,KY0032,,MOREHEAD,RD,,,,,,,,38.356224304,-83.613946526,19.006,6/10/2020 12:00:00 AM,0600,2,2,0,0,CLEAR,DRY,False,REAR END IN TRAFFIC LANES BOTH VEHICLES MOVING,REAR END,STRAIGHT & GRADE,DAWN,,,6/19/2020 6:56:52 AM,False,243,Accepted,
26793130,0370200,KY STATE POLICE CVE,Accepted,LAUREL,I 0075,,I75 S,,,,,,,,,36.981447087,-84.110524539,29.161,6/9/2020 12:00:00 AM,1903,2,2,0,0,CLOUDY,DRY,False,SIDESWIPE COLLISION - SAME DIRECTION,SIDESWIPE-SAME DIRECTION,STRAIGHT & LEVEL,DAYLIGHT,,,6/10/2020 6:25:56 PM,False,C-331,Accepted,
26806907,0591000,LAKESIDE PK/CRESTVIEW HILLS PD,Accepted,KENTON,I 0275,,I275 W,,,,,,,,,39.031760156,-84.585674549,83.001,6/9/2020 12:00:00 AM,1525,2,2,0,0,CLEAR,DRY,False,REAR END IN TRAFFIC LANES BOTH VEHICLES MOVING,REAR END,STRAIGHT & LEVEL,DAYLIGHT,,,6/14/2020 10:38:51 PM,False,1432,Accepted,
26825719,KSP0100,KY STATE POLICE POST 01,Accepted,LYON,I 0024,,I24 E,,,,,,,,,37.003577690,-87.967006781,49.927,6/9/2020 12:00:00 AM,1725,2,2,0,0,CLEAR,DRY,False,REAR END IN TRAFFIC LANES BOTH VEHICLES MOVING,REAR END,STRAIGHT & LEVEL,DAYLIGHT,,,6/16/2020 6:44:58 PM,False,721,Accepted,
27686911,0970000,PERRY COUNTY SHERIFF,Accepted,PERRY,KY0015,,KY15,,N,,,,,,,37.292919354,-83.237686501,16.199,6/9/2020 12:00:00 AM,0820,2,2,0,2,CLEAR,DRY,False,1 VEHICLE ENTERING/LEAVING ENTRANCE,ANGLE,STRAIGHT & HILLCREST,DAYLIGHT,,,1/19/2021 9:25:40 AM,False,504,Accepted,
26828713,0470200,RADCLIFF POLICE DEPARTMENT,Accepted,HARDIN,US0031W,,DIXIE,BLVD,S,,,US0031W,US31W CROSSOVER,,BLACKJACK,37.817049587,-85.924173034,25.999,6/9/2020 12:00:00 AM,1145,2,2,0,0,RAINING,WET,False,1 VEHICLE ENTERING/LEAVING ENTRANCE,ANGLE,STRAIGHT & LEVEL,DAYLIGHT,,,6/17/2020 2:00:48 PM,False,938BK,Accepted,
26806909,0591000,LAKESIDE PK/CRESTVIEW HILLS PD,Accepted,KENTON,I 0275,,I275 W,,,,,,,,,39.028549605,-84.577416426,82.500,6/8/2020 12:00:00 AM,1240,2,2,0,0,CLEAR,DRY,False,REAR END IN TRAFFIC LANES BOTH VEHICLES MOVING,REAR END,CURVE & LEVEL,DAYLIGHT,,,6/14/2020 10:39:01 PM,False,1423,Accepted,
26789160,0590400,FT. WRIGHT POLICE DEPARTMENT,Accepted,KENTON,I 0075,,I75 S,,,,,I 0075,I75 S EXIT189 ON RAMP FROM  KYLES LN,I 0075,I75 S EXIT188 OFF RAMP TO  DIXIE HWY,39.056551377,-84.543122020,188.288,6/8/2020 12:00:00 AM,1720,3,3,0,0,CLEAR,DRY,False,REAR END IN TRAFFIC LANES BOTH VEHICLES MOVING,REAR END,STRAIGHT & LEVEL,DAYLIGHT,,,6/9/2020 10:34:28 PM,False,406,Accepted,
26786236,0040000,BALLARD COUNTY SHERIFF DEPT.,Accepted,BALLARD,US0051,,4TH,ST,N,,OHIO,,,,,36.965613552,-89.089056253,3.433,6/8/2020 12:00:00 AM,1135,3,3,0,1,CLOUDY,DRY,False,OPPOSITE DIRECTION - BOTH VEHICLES GOING STRAIGHT AHEAD,SIDESWIPE-OPPOSITE DIRECTION,STRAIGHT & LEVEL,DAYLIGHT,,,6/9/2020 9:50:15 AM,False,10,Accepted,
26783066,0730100,PADUCAH POLICE DEPARTMENT,Accepted,MCCRACKEN,I 0024,,I24 W,,,,,I 0024,I24 W EXIT7 ON RAMP FROM US62,I 0024,I24 W EXIT7 OFF RAMP TO US45,37.055224931,-88.653099177,6.577,6/7/2020 12:00:00 AM,1220,2,2,0,2,CLEAR,DRY,False,REAR END IN TRAFFIC LANES BOTH VEHICLES MOVING,REAR END,STRAIGHT & LEVEL,DAYLIGHT,,,6/8/2020 3:57:48 PM,False,257,Accepted,
26781374,0568000,LOUISVILLE METRO POLICE DEPT,Accepted,JEFFERSON,I 0265,,I265 E,,,,,,,,,38.203455753,-85.507302915,24.145,6/6/2020 12:00:00 AM,1615,1,1,0,0,CLEAR,DRY,False,COLLISION WITH FIXED OBJECT NON - INTERSECTION - FIRST EVENT COLLISION 09 - 32 EXCLUDING 16,SINGLE VEHICLE,STRAIGHT & LEVEL,DAYLIGHT,,,6/8/2020 8:16:32 AM,False,7751,Accepted,
26783812,0560400,SHIVELY POLICE DEPARTMENT,Accepted,JEFFERSON,US0031W,,DIXIE,HWY,,,,I 0264,I264 W EXIT8 ON RAMP FROM US31W S,,GARRS,38.188180756,-85.810860059,15.011,6/6/2020 12:00:00 AM,0458,2,2,0,0,CLEAR,DRY,False,SIDESWIPE COLLISION - SAME DIRECTION,SIDESWIPE-SAME DIRECTION,STRAIGHT & LEVEL,DARK-HWY LIGHTED/ON,,,6/8/2020 7:53:27 PM,False,7123,Accepted,
26781399,0568000,LOUISVILLE METRO POLICE DEPT,Accepted,JEFFERSON,I 0265,,I265 W,,,,,I 0064,I64 E EXIT19A RAMP TO I265 S,I 0265,I265 W EXIT23 OFF RAMP TO KY155,38.206076981,-85.507426802,24.293,6/6/2020 12:00:00 AM,2250,2,2,0,0,CLEAR,DRY,False,1 VEHICLE PARKED POSITION (NOT PARKING LOT/DRIVEWAY),REAR END,STRAIGHT & LEVEL,DARK-HWY LIGHTED/ON,,,6/8/2020 8:18:13 AM,False,2013,Accepted,
27275234,0500000,HART COUNTY SHERIFF DEPARTMENT,Accepted,HART,US0031E,300,JACKSON,HWY,S,,,,,,,37.248233389,-85.792589360,7.849,6/3/2020 12:00:00 AM,1242,2,2,0,0,CLEAR,DRY,False,SIDESWIPE COLLISION - SAME DIRECTION,SIDESWIPE-SAME DIRECTION,CURVE & LEVEL,DAYLIGHT,,,9/30/2020 8:38:31 PM,False,377,Accepted,
26774903,0470200,RADCLIFF POLICE DEPARTMENT,Accepted,HARDIN,US0031W,,DIXIE,HWY,N,,,,,,,37.788230371,-85.911896303,23.863,6/3/2020 12:00:00 AM,1749,2,2,0,0,CLEAR,DRY,False,REAR END IN TRAFFIC LANES BOTH VEHICLES MOVING,REAR END,STRAIGHT & LEVEL,DAYLIGHT,,,6/5/2020 7:14:39 PM,False,943RT,Accepted,
26795672,0591000,LAKESIDE PK/CRESTVIEW HILLS PD,Accepted,KENTON,I 0275,,I275 W,,,,,,,,,39.026135677,-84.566630060,81.891,6/3/2020 12:00:00 AM,1050,2,2,0,0,CLOUDY,DRY,False,REAR END IN TRAFFIC LANES BOTH VEHICLES MOVING,REAR END,STRAIGHT & LEVEL,DAYLIGHT,,,6/11/2020 11:09:25 AM,False,1430,Accepted,
26766964,0730100,PADUCAH POLICE DEPARTMENT,Accepted,MCCRACKEN,I 0024,,I24 W,,,,,,,,,37.055821448,-88.653483601,6.532,6/3/2020 12:00:00 AM,1031,2,2,0,0,CLEAR,DRY,False,OTHER ROADWAY OR MID-BLOCK COLLISION,REAR END,CURVE & GRADE,DAYLIGHT,,,6/3/2020 4:48:42 PM,False,244,Accepted,
26766857,0150000,BULLITT COUNTY SHERIFF DEPT.,Accepted,BULLITT,KY1526,,BROOKS HILL,RD,,,WICKER,,,,,38.057500272,-85.757318832,7.997,6/2/2020 12:00:00 AM,1604,2,2,0,0,CLEAR,DRY,False,VEHICLE BACKING IN INTERSECTION,BACKING,CURVE & GRADE,DAYLIGHT,,,6/3/2020 4:26:45 PM,False,1007,Accepted,
27691444,0680000,LEWIS COUNTY SHERIFF DEPT.,Accepted,LEWIS,KY0057,,KY57,,,,,,,,,38.504147271,-83.623511048,0.008,6/2/2020 12:00:00 AM,0823,1,1,0,0,CLEAR,DRY,False,COLLISION WITH FIXED OBJECT NON - INTERSECTION - FIRST EVENT COLLISION 09 - 32 EXCLUDING 16,SINGLE VEHICLE,STRAIGHT & GRADE,DAYLIGHT,,,1/20/2021 9:39:37 AM,False,102,Accepted,
26763170,0340200,LEXINGTON POLICE DEPARTMENT,Accepted,FAYETTE,KY1974,,EUCLID,AVE,,,LINDEN,,,,,38.037179362,-84.498942081,12.852,6/2/2020 12:00:00 AM,1500,1,1,0,0,CLEAR,OTHER,False,NON-COLLISION OBJECT COLLISION,SINGLE VEHICLE,STRAIGHT & LEVEL,DAYLIGHT,,,6/2/2020 4:49:14 PM,False,44966,Accepted,
26781816,KSP1600,KY STATE POLICE POST 16,Accepted,MCLEAN,US0431,,US431,,,,,,,,,37.422859924,-87.155153410,0.696,6/2/2020 12:00:00 AM,1704,1,1,0,0,CLEAR,DRY,True,OTHER ROADWAY OR MID-BLOCK COLLISION,SINGLE VEHICLE,STRAIGHT & LEVEL,DAYLIGHT,,,6/8/2020 9:55:21 AM,False,429,Accepted,
26763410,0590300,ERLANGER POLICE DEPARTMENT,Accepted,KENTON,I 0075,,,,,,,,,,,39.037104640,-84.602098651,0.462,6/2/2020 12:00:00 AM,1335,2,2,0,0,CLEAR,DRY,False,OTHER RAMP RELATED COLLISIONS NOT LISTED ABOVE,SIDESWIPE-SAME DIRECTION,STRAIGHT & LEVEL,DAYLIGHT,I 0075,I 0275,6/2/2020 5:51:00 PM,False,164,Accepted,
26762376,0590300,ERLANGER POLICE DEPARTMENT,Accepted,KENTON,I 0075,,,,,,,,,,,39.032112453,-84.589195087,,6/2/2020 12:00:00 AM,0730,2,2,0,0,CLEAR,DRY,False,OTHER RAMP RELATED COLLISIONS NOT LISTED ABOVE,SIDESWIPE-SAME DIRECTION,STRAIGHT & LEVEL,DAYLIGHT,I 0275,I 0075,6/2/2020 1:46:06 PM,False,126,Accepted,
26769598,0340300,UNIVERSITY OF KENTUCKY POLICE,Accepted,FAYETTE,US0027,,LIMESTONE,,S,,,,ADMINISTRATION,,SCOTT,38.040686517,-84.505058168,5.608,6/1/2020 12:00:00 AM,1540,2,2,0,0,CLEAR,DRY,True,OTHER ROADWAY OR MID-BLOCK COLLISION,REAR END,STRAIGHT & LEVEL,DAYLIGHT,,,6/4/2020 9:50:48 AM,False,8315,Accepted,
26761289,0540100,MADISONVILLE POLICE DEPT.,Accepted,HOPKINS,US0041A,,NEBO,RD,,,,,PRIDE,,BRIARWOOD,37.347069687,-87.502609759,0.253,6/1/2020 12:00:00 AM,0854,3,3,0,1,CLEAR,DRY,False,REAR END IN TRAFFIC LANES BOTH VEHICLES MOVING,REAR END,STRAIGHT & LEVEL,DAYLIGHT,,,6/2/2020 8:12:43 AM,False,35,Accepted,
26759066,0590300,ERLANGER POLICE DEPARTMENT,Accepted,KENTON,I 0075,,I75 S,,,,,,,,,39.040869438,-84.585344605,185.577,6/1/2020 12:00:00 AM,0650,3,3,0,0,CLEAR,DRY,False,REAR END IN TRAFFIC LANES BOTH VEHICLES MOVING,REAR END,STRAIGHT & LEVEL,DAYLIGHT,,,6/1/2020 3:35:20 PM,False,165,Accepted,
26764703,0150000,BULLITT COUNTY SHERIFF DEPT.,Accepted,BULLITT,I 0065,,I65 N,,,,,,,,,37.874626134,-85.702788030,108.144,6/1/2020 12:00:00 AM,1956,2,2,0,1,CLEAR,DRY,False,REAR END IN TRAFFIC LANES BOTH VEHICLES MOVING,REAR END,STRAIGHT & GRADE,DUSK,,,6/3/2020 4:56:30 AM,False,1247,Accepted,
26765240,0190400,FT. THOMAS POLICE DEPARTMENT,Accepted,CAMPBELL,,,WATERWORKS,RD,,,,,,,,39.089145152,-84.460386735,0.707,6/1/2020 12:00:00 AM,1500,2,2,0,0,CLEAR,DRY,False,1 VEHICLE PARKED POSITION (NOT PARKING LOT/DRIVEWAY),BACKING,STRAIGHT & GRADE,DAYLIGHT,,,6/3/2020 9:13:19 AM,False,4455,Accepted,
26757618,KSP1100,KY STATE POLICE POST 11,Accepted,CLAY,,,ROOTS BRANCH,RD,,,,,,,,37.084485819,-83.834226358,1.926,5/31/2020 12:00:00 AM,2041,1,1,0,1,CLEAR,GRAVEL,False,RAN OFF ROADWAY (1 VEHICLE WITH/EARTH EMBANKMENT/DITCH),SINGLE VEHICLE,CURVE & LEVEL,DAYLIGHT,,,6/1/2020 9:12:03 AM,False,621,Accepted,
26757656,0190400,FT. THOMAS POLICE DEPARTMENT,Accepted,CAMPBELL,I 0275,73.3,I275 E,,,,,,,,,39.054167197,-84.437047582,73.600,5/30/2020 12:00:00 AM,1754,1,1,0,0,CLEAR,DRY,False,COLLISION WITH FIXED OBJECT NON - INTERSECTION - FIRST EVENT COLLISION 09 - 32 EXCLUDING 16,SINGLE VEHICLE,STRAIGHT & GRADE,DAYLIGHT,,,6/1/2020 9:27:49 AM,False,4444,Accepted,
26799264,0630000,LAUREL COUNTY SHERIFF DEPT.,Accepted,LAUREL,I 0075,,I75 S,,,,,,,,,37.156657006,-84.113125720,41.432,5/29/2020 12:00:00 AM,2231,2,2,0,1,CLEAR,DRY,False,SIDESWIPE COLLISION - SAME DIRECTION,SIDESWIPE-SAME DIRECTION,STRAIGHT & LEVEL,DARK-HWY NOT LIGHTED,,,6/12/2020 8:28:45 AM,False,1144,Accepted,
26779481,0370200,KY STATE POLICE CVE,Accepted,LAUREL,I 0075,,I75 S,,,,,,,,,36.994992351,-84.107752423,30.129,5/29/2020 12:00:00 AM,2300,2,2,0,2,CLEAR,DRY,False,SIDESWIPE COLLISION - SAME DIRECTION,SIDESWIPE-SAME DIRECTION,STRAIGHT & HILLCREST,DARK (UNKNOWN ROADWAY LIGHTING),,,6/7/2020 6:22:50 PM,False,C-331,Accepted,
26743190,0590300,ERLANGER POLICE DEPARTMENT,Accepted,KENTON,I 0075,,I75 S,,,,,,,,,39.043090480,-84.580436823,185.884,5/27/2020 12:00:00 AM,1205,2,2,0,0,CLOUDY,DRY,False,1 VEHICLE ENTERING/LEAVING ENTRANCE,ANGLE,STRAIGHT & LEVEL,DARK (UNKNOWN ROADWAY LIGHTING),,,5/27/2020 4:49:19 PM,False,165,Accepted,
26745219,0150000,BULLITT COUNTY SHERIFF DEPT.,Accepted,BULLITT,KY1526,4999,BROOKS HILL,RD,,,,,,,,38.042544116,-85.792347157,5.142,5/27/2020 12:00:00 AM,1500,2,2,0,0,BLOWING SAND/SOIL/DIRT/SNOW,WET,False,1 VEHICLE PARKED POSITION (NOT PARKING LOT/DRIVEWAY),BACKING,STRAIGHT & LEVEL,DAYLIGHT,,,5/28/2020 8:34:44 AM,False,1247,Accepted,
26752968,0080200,FLORENCE POLICE DEPARTMENT,Accepted,BOONE,I 0075,,I75 S,,,,,,,,,38.968574471,-84.636439537,178.870,5/27/2020 12:00:00 AM,2341,2,2,0,0,CLOUDY,DRY,False,1 VEHICLE PARKED POSITION (NOT PARKING LOT/DRIVEWAY),SIDESWIPE-SAME DIRECTION,STRAIGHT & GRADE,DARK-HWY LIGHTED/OFF,,,5/30/2020 6:23:51 AM,False,16,Accepted,
26746212,0150000,BULLITT COUNTY SHERIFF DEPT.,Accepted,BULLITT,I 0065,119,I65 N,,,,,,,,,38.023853435,-85.696502188,118.845,5/27/2020 12:00:00 AM,1058,2,2,0,0,CLOUDY,DRY,True,SIDESWIPE COLLISION - SAME DIRECTION,SIDESWIPE-SAME DIRECTION,STRAIGHT & LEVEL,DAYLIGHT,,,5/28/2020 11:39:13 AM,True,1007,Accepted,
26745250,0150000,BULLITT COUNTY SHERIFF DEPT.,Accepted,BULLITT,I 0065,119,I65 N,,,,,,,,,38.031587998,-85.696385407,119.377,5/27/2020 12:00:00 AM,1013,3,3,0,2,CLEAR,DRY,False,REAR END IN TRAFFIC LANES BOTH VEHICLES MOVING,REAR END,STRAIGHT & LEVEL,DAYLIGHT,,,5/28/2020 8:40:49 AM,False,1021,Accepted,
26742160,0690200,HUSTONVILLE POLICE DEPARTMENT,Accepted,LINCOLN,,,CARMEL,DR,,,,,,,,37.516091856,-84.806303224,0.011,5/27/2020 12:00:00 AM,1058,4,4,0,1,CLOUDY,DRY,False,1 VEHICLE ENTERING/LEAVING ENTRANCE,ANGLE,STRAIGHT & GRADE,DAYLIGHT,,,5/27/2020 1:06:25 PM,False,81,Accepted,
26762009,0540100,MADISONVILLE POLICE DEPT.,Accepted,HOPKINS,US0041A,,NEBO,RD,,,BRIARWOOD,,,,,37.347773613,-87.501036227,0.108,5/27/2020 12:00:00 AM,1546,2,2,0,0,CLEAR,DRY,False,ANGLE COLLISION - OTHER,ANGLE,STRAIGHT & LEVEL,DAYLIGHT,,,6/2/2020 11:48:48 AM,False,35,Accepted,
26734867,0590300,ERLANGER POLICE DEPARTMENT,Accepted,KENTON,I 0275,,I275 W,,,,,,,,,39.032093840,-84.589041405,83.183,5/26/2020 12:00:00 AM,0028,2,2,0,0,CLEAR,DRY,False,REAR END IN TRAFFIC LANES BOTH VEHICLES MOVING,REAR END,STRAIGHT & LEVEL,DARK-HWY LIGHTED/ON,,,5/26/2020 5:21:41 AM,False,161,Accepted,
26741868,KSP0100,KY STATE POLICE POST 01,Accepted,TRIGG,I 0024,,I24 W,,,,,,,,,36.916790797,-87.791075953,61.419,5/25/2020 12:00:00 AM,0732,1,1,0,0,CLEAR,DRY,False,OTHER ROADWAY OR MID-BLOCK COLLISION,SINGLE VEHICLE,STRAIGHT & LEVEL,DAYLIGHT,,,5/27/2020 11:51:57 AM,False,862,Accepted,
26791562,0470400,WEST POINT POLICE DEPARTMENT,Accepted,HARDIN,US0031W,,DIXIE,HWY,,,,,SALT RIVER,,6TH,37.994685172,-85.948164620,36.826,5/22/2020 12:00:00 AM,1556,2,2,0,0,CLEAR,DRY,True,SIDESWIPE COLLISION - OPPOSITE DIRECTION,SIDESWIPE-OPPOSITE DIRECTION,STRAIGHT & LEVEL,DAYLIGHT,,,6/10/2020 12:50:35 PM,False,107,Accepted,
26725336,0340200,LEXINGTON POLICE DEPARTMENT,Accepted,FAYETTE,KY0004,,,,,,,,,,,38.073994166,-84.491872762,0.243,5/22/2020 12:00:00 AM,1958,2,2,0,0,CLEAR,DRY,False,OTHER RAMP RELATED COLLISIONS NOT LISTED ABOVE,REAR END,CURVE & HILLCREST,DUSK,KY0922,KY0004,5/22/2020 10:38:49 PM,False,55446,Accepted,