IncidentID,AgencyORI,AgencyName,IncidentStatusDesc,County,RdwyNumber,Street,RoadwayName,StreetSfx,StreetDir,IntersectionRdwy,IntersectionRdwyName,BetweenStRdwy1,BetweenStRdwyName1,BetweenStRdwy2,BetweenStRdwyName2,Latitude,Longitude,Milepoint,CollisionDate,CollisionTime,UnitsInvolved,MotorVehiclesInvolved,NumberKilled,NumberInjured,Weather,RdwyConditionCode,HitandRun,DirAnalysisCode,MannerofCollision,RdwyCharacter,LightCondition,RampFromRdwyId,RampToRdwyId,AcceptedDate,IsSecondaryCollision,OwnerBadge,IncidentStatus,
26418456,0190200,CAMPBELL COUNTY POLICE DEPT.,Accepted,CAMPBELL,I 0275,,I275 E,,,,,,,,,39.056602992,-84.431503573,73.258,2/21/2020 12:00:00 AM,1637,2,2,0,0,CLEAR,DRY,False,REAR END IN TRAFFIC LANES BOTH VEHICLES MOVING,REAR END,STRAIGHT & LEVEL,DAYLIGHT,,,2/24/2020 10:47:25 PM,False,684,Accepted,
26402007,0568000,LOUISVILLE METRO POLICE DEPT,Accepted,JEFFERSON,,,GRINSTEAD,DR,,,LEXINGTON,,,,,38.245555922,-85.701519990,0.002,2/20/2020 12:00:00 AM,1227,2,2,0,0,CLEAR,DRY,False,ANGLE COLLISION - OTHER,ANGLE,STRAIGHT & LEVEL,DAYLIGHT,,,2/21/2020 8:12:06 AM,False,6813,Accepted,
26394063,0340200,LEXINGTON POLICE DEPARTMENT,Accepted,FAYETTE,US0027,,BROADWAY,,N,,5TH,,,,,38.055025886,-84.491232723,7.122,2/19/2020 12:00:00 AM,1329,2,2,0,1,CLEAR,DRY,False,OTHER INTERSECTION COLLISIONS,REAR END,STRAIGHT & LEVEL,DAYLIGHT,,,2/19/2020 5:02:56 PM,False,55042,Accepted,
26394050,0340200,LEXINGTON POLICE DEPARTMENT,Accepted,FAYETTE,US0027,,BROADWAY,,N,,,,5TH,,FAYETTE,38.055092668,-84.491098399,7.137,2/19/2020 12:00:00 AM,0735,2,2,0,0,CLEAR,DRY,False,REAR END IN TRAFFIC LANES BOTH VEHICLES MOVING,REAR END,STRAIGHT & LEVEL,DAYLIGHT,,,2/19/2020 5:02:27 PM,False,55042,Accepted,
26391954,0970000,PERRY COUNTY SHERIFF,Accepted,PERRY,KY0015,,KY15,,N,,,,,,,37.294502349,-83.239511373,16.347,2/19/2020 12:00:00 AM,0758,2,2,0,1,CLOUDY,DRY,False,OTHER ROADWAY OR MID-BLOCK COLLISION,REAR END,STRAIGHT & GRADE,DAYLIGHT,,,2/19/2020 10:47:46 AM,False,501,Accepted,
26395952,0340200,LEXINGTON POLICE DEPARTMENT,Accepted,FAYETTE,,,4TH,ST,W,,BOURBON,,,,,38.055129458,-84.495059722,0.375,2/19/2020 12:00:00 AM,0126,1,1,0,1,CLEAR,DRY,False,COLLISION WITH FIXED OBJECT IN INTERSECTION - FIRST EVENT COLLISION 09 - 32,SINGLE VEHICLE,STRAIGHT & LEVEL,DARK-HWY LIGHTED/ON,,,2/20/2020 3:49:52 AM,False,49204,Accepted,
26392376,0370200,KY STATE POLICE CVE,Accepted,LAUREL,I 0075,,I75 S,,,,,,,,,37.176562734,-84.131346099,43.165,2/18/2020 12:00:00 AM,1203,2,2,0,0,RAINING,WET,False,SIDESWIPE COLLISION - SAME DIRECTION,SIDESWIPE-SAME DIRECTION,STRAIGHT & LEVEL,DAYLIGHT,,,2/19/2020 12:12:28 PM,False,C-362,Accepted,
26390179,0190200,CAMPBELL COUNTY POLICE DEPT.,Accepted,CAMPBELL,I 0275,,I275 E,,,,,,27 OVER PASS,,STATE LINE,39.056037610,-84.432809761,,2/18/2020 12:00:00 AM,1539,2,2,0,0,CLOUDY,DRY,False,REAR END IN TRAFFIC LANES BOTH VEHICLES MOVING,REAR END,STRAIGHT & LEVEL,DAYLIGHT,,,2/19/2020 2:30:16 AM,False,668,Accepted,
26403958,KSP0200,KY STATE POLICE POST 02,Accepted,CHRISTIAN,EB9004,,EB9004 N,,,,,,,,,37.067271962,-87.466117942,23.822,2/14/2020 12:00:00 AM,1359,2,2,0,0,CLEAR,DRY,False,REAR END IN TRAFFIC LANES BOTH VEHICLES MOVING,REAR END,STRAIGHT & LEVEL,DAYLIGHT,,,2/21/2020 1:24:35 PM,False,449,Accepted,
26351580,0190200,CAMPBELL COUNTY POLICE DEPT.,Accepted,CAMPBELL,I 0275,,I275 E,,,,,,I-275 TURN AROUND 73,,KY/OH STATE LINE,39.055973059,-84.433042039,,2/14/2020 12:00:00 AM,1800,4,4,0,0,CLEAR,DRY,False,REAR END IN TRAFFIC LANES BOTH VEHICLES MOVING,REAR END,STRAIGHT & LEVEL,DAWN,,,2/15/2020 4:46:54 AM,False,680,Accepted,
26351581,0190200,CAMPBELL COUNTY POLICE DEPT.,Accepted,CAMPBELL,I 0275,,I275 E,,,,,,I-275 TURN AROUND 73,,STATE LINE,39.055420519,-84.434262811,,2/14/2020 12:00:00 AM,1742,2,2,0,0,CLEAR,DRY,False,REAR END IN TRAFFIC LANES BOTH VEHICLES MOVING,REAR END,STRAIGHT & LEVEL,DARK-HWY LIGHTED/ON,,,2/15/2020 4:47:00 AM,False,680,Accepted,
26350201,0370200,KY STATE POLICE CVE,Accepted,LAUREL,I 0075,,I75 S,,,,,,,,,37.158029642,-84.113363584,41.536,2/13/2020 12:00:00 AM,1931,2,2,0,0,CLOUDY,DRY,False,SIDESWIPE COLLISION - SAME DIRECTION,SIDESWIPE-SAME DIRECTION,STRAIGHT & LEVEL,DARK-HWY NOT LIGHTED,,,2/14/2020 7:11:17 PM,False,C-325,Accepted,
26370141,KSP1100,KY STATE POLICE POST 11,Accepted,LAUREL,I 0075,,I75 S,,,,,,,,,37.054208022,-84.098448155,34.312,2/13/2020 12:00:00 AM,1627,3,3,0,0,CLOUDY,WET,False,REAR END IN TRAFFIC LANES BOTH VEHICLES MOVING,REAR END,CURVE & GRADE,DAYLIGHT,,,2/17/2020 10:46:25 AM,False,917,Accepted,
26341550,0080000,BOONE COUNTY SHERIFF DEPT.,Accepted,BOONE,KY0536,196,MT ZION,RD,,,,,,,,38.957393678,-84.621770189,14.075,2/11/2020 12:00:00 AM,1453,2,2,0,0,RAINING,WET,False,SIDESWIPE COLLISION - SAME DIRECTION,SIDESWIPE-SAME DIRECTION,STRAIGHT & LEVEL,DAYLIGHT,,,2/13/2020 7:22:49 AM,False,3746,Accepted,
26329806,0340200,LEXINGTON POLICE DEPARTMENT,Accepted,FAYETTE,KY0004,,NEW CIRCLE,RD,W,,,KY0004,KY4 EXIT9B RAMP FROM KY922 N,KY0004,KY4 EXIT9B RAMP TO KY922 N,38.074106568,-84.492277177,9.486,2/10/2020 12:00:00 AM,1717,2,2,0,0,RAINING,WET,False,REAR END IN TRAFFIC LANES BOTH VEHICLES MOVING,REAR END,CURVE & LEVEL,DAYLIGHT,,,2/11/2020 1:39:53 AM,False,56208,Accepted,
26330284,0080000,BOONE COUNTY SHERIFF DEPT.,Accepted,BOONE,I 0275,,I275 E,,,I 0275,I275 E EXIT2 ON RAMP FROM  MINEOLA PIKE,,,,,39.052300010,-84.623202369,1.806,2/10/2020 12:00:00 AM,0030,2,2,0,0,RAINING,WATER (STANDING OR MOVING),False,OTHER INTERSECTION COLLISIONS,REAR END,CURVE & LEVEL,DARK-HWY LIGHTED/ON,,,2/11/2020 6:17:48 AM,False,3712,Accepted,
26386646,1070000,SIMPSON COUNTY SHERIFF DEPT.,Accepted,SIMPSON,I 0065,,I65 S,,,,,,,,,36.644683972,-86.569608304,0.409,2/9/2020 12:00:00 AM,1622,1,1,0,1,CLEAR,DRY,False,COLLISION WITH FIXED OBJECT NON - INTERSECTION - FIRST EVENT COLLISION 09 - 32 EXCLUDING 16,SINGLE VEHICLE,STRAIGHT & LEVEL,DAYLIGHT,,,2/18/2020 11:47:57 AM,False,118,Accepted,
26315521,0370200,KY STATE POLICE CVE,Accepted,LAUREL,I 0075,,I75 N,,,,,,,,,36.982172003,-84.110021167,29.241,2/7/2020 12:00:00 AM,1034,2,2,0,0,SNOWING,WET,True,SIDESWIPE COLLISION - SAME DIRECTION,SIDESWIPE-SAME DIRECTION,STRAIGHT & LEVEL,DAYLIGHT,,,2/7/2020 12:06:43 PM,False,C-351,Accepted,
26336563,0370200,KY STATE POLICE CVE,Accepted,LAUREL,I 0075,,I75 S,,,,,,,,,37.035389324,-84.098423307,33.003,2/7/2020 12:00:00 AM,1515,2,2,0,0,CLOUDY,WET,False,SIDESWIPE COLLISION - SAME DIRECTION,SIDESWIPE-SAME DIRECTION,STRAIGHT & LEVEL,DAYLIGHT,,,2/12/2020 7:10:06 AM,False,C-119,Accepted,
26333020,KSP0200,KY STATE POLICE POST 02,Accepted,CHRISTIAN,I 0024,,I24 E,,,,,,,,,36.655022628,-87.366663278,91.587,2/7/2020 12:00:00 AM,1337,2,2,0,0,CLEAR,DRY,False,REAR END IN TRAFFIC LANES BOTH VEHICLES MOVING,REAR END,STRAIGHT & GRADE,DAYLIGHT,,,2/11/2020 2:32:56 PM,False,449,Accepted,
26318843,0340200,LEXINGTON POLICE DEPARTMENT,Accepted,FAYETTE,KY0004,,,,,,,,,,,38.075447972,-84.506004312,0.205,2/7/2020 12:00:00 AM,2350,2,2,0,0,CLOUDY,DRY,False,OTHER RAMP RELATED COLLISIONS NOT LISTED ABOVE,REAR END,CURVE & GRADE,DARK-HWY LIGHTED/ON,KY0004,US0025,2/8/2020 6:19:42 AM,False,49744,Accepted,
26312732,0370200,KY STATE POLICE CVE,Accepted,ROCKCASTLE,I 0075,,I75 S,,,,,,,,,37.337424508,-84.306212275,58.513,2/6/2020 12:00:00 AM,1610,1,1,0,0,RAINING,WET,False,COLLISION WITH FIXED OBJECT NON - INTERSECTION - FIRST EVENT COLLISION 09 - 32 EXCLUDING 16,SINGLE VEHICLE,CURVE & GRADE,DAYLIGHT,,,2/6/2020 8:32:46 PM,False,C-325,Accepted,
26295343,0410000,GRANT COUNTY SHERIFF DEPT.,Accepted,GRANT,KY0022,2600,TAFT,HWY,,,,,RUTHMAN,,STANLEY,38.672216507,-84.636345916,8.988,2/3/2020 12:00:00 AM,0821,1,1,0,1,CLOUDY,DRY,False,RAN OFF ROADWAY (1 VEHICLE WITH/EARTH EMBANKMENT/DITCH),SINGLE VEHICLE,STRAIGHT & LEVEL,DAYLIGHT,,,2/3/2020 12:41:39 PM,False,906,Accepted,
26403706,KSP1300,KY STATE POLICE POST 13,Accepted,KNOTT,KY0550,,MAIN,ST,E,,,,,,,37.343382336,-82.968682800,12.799,2/3/2020 12:00:00 AM,1210,2,2,0,0,CLEAR,DRY,False,1 VEHICLE PARKED POSITION (NOT PARKING LOT/DRIVEWAY),HEAD ON,STRAIGHT & LEVEL,DAYLIGHT,,,2/21/2020 12:39:45 PM,False,357,Accepted,
26283500,0970100,HAZARD POLICE DEPARTMENT,Accepted,PERRY,KY0015,,KY15,,N,,,,,,,37.277621171,-83.215572843,14.330,2/1/2020 12:00:00 AM,2006,2,2,0,0,CLOUDY,WET,False,OTHER ROADWAY OR MID-BLOCK COLLISION,OPPOSING LEFT TURN,STRAIGHT & GRADE,DARK-HWY LIGHTED/ON,,,2/3/2020 8:06:13 AM,False,409,Accepted,
26275187,0370200,KY STATE POLICE CVE,Accepted,LAUREL,I 0075,,I75 S,,,,,,,,,37.189903590,-84.144804446,44.373,1/31/2020 12:00:00 AM,1716,2,2,0,0,CLOUDY,DRY,False,SIDESWIPE COLLISION - SAME DIRECTION,SIDESWIPE-SAME DIRECTION,STRAIGHT & LEVEL,DAYLIGHT,,,1/31/2020 7:15:16 PM,False,C-325,Accepted,
26294457,0240000,CHRISTIAN COUNTY SHERIFF OFFICE,Accepted,CHRISTIAN,I 0024,,I24 W,,,,,,,,,36.713037649,-87.479176209,84.063,1/29/2020 12:00:00 AM,2228,2,2,0,0,RAINING,WET,True,1 VEHICLE ENTERING/LEAVING ENTRANCE,ANGLE,STRAIGHT & LEVEL,DARK-HWY NOT LIGHTED,,,2/3/2020 10:13:16 AM,True,675,Accepted,
26259380,0190200,CAMPBELL COUNTY POLICE DEPT.,Accepted,CAMPBELL,I 0275,,I275 W,,,,,,,,,39.057139363,-84.431232506,73.226,1/28/2020 12:00:00 AM,0935,2,2,0,0,CLOUDY,DRY,False,REAR END IN TRAFFIC LANES BOTH VEHICLES MOVING,REAR END,STRAIGHT & LEVEL,DAYLIGHT,,,1/29/2020 1:16:19 AM,False,686,Accepted,
26266428,KSP0200,KY STATE POLICE POST 02,Accepted,CHRISTIAN,I 0024,,,,,,,,,,,36.650961182,-87.357540798,0.718,1/28/2020 12:00:00 AM,1012,2,2,0,2,CLEAR,DRY,False,REAR END IN TRAFFIC LANES BOTH VEHICLES MOVING,REAR END,STRAIGHT & LEVEL,DAYLIGHT,,,1/30/2020 10:19:56 AM,False,449,Accepted,
26262381,0970000,PERRY COUNTY SHERIFF,Accepted,PERRY,KY0015,,KY15,,N,,SHERIFF,,,,,37.302438255,-83.246514601,17.014,1/28/2020 12:00:00 AM,1546,2,2,0,2,CLEAR,DRY,False,OPPOSING LEFT TURN,OPPOSING LEFT TURN,STRAIGHT & GRADE,DAYLIGHT,,,1/29/2020 2:07:58 PM,False,502,Accepted,
26273031,0530100,CLINTON POLICE DEPARTMENT,Accepted,HICKMAN,US0051,,WASHINGTON,ST,S,,,,,,,36.666156873,-88.993610144,7.705,1/27/2020 12:00:00 AM,1109,2,2,0,0,CLEAR,DRY,False,REAR END IN TRAFFIC LANES BOTH VEHICLES MOVING,REAR END,STRAIGHT & LEVEL,DAYLIGHT,,,1/31/2020 11:21:57 AM,False,102,Accepted,
26836129,0350000,FLEMING COUNTY SHERIFF DEPT.,Accepted,FLEMING,KY0057,,MT CARAMEL,RD,,,,,,,,38.503955911,-83.623607408,9.176,1/27/2020 12:00:00 AM,0750,2,2,0,1,FOG,ICE,False,COLLISION WITH FIXED OBJECT NON - INTERSECTION - FIRST EVENT COLLISION 09 - 32 EXCLUDING 16,SIDESWIPE-SAME DIRECTION,STRAIGHT & GRADE,DAWN,,,6/19/2020 8:06:56 AM,True,253,Accepted,
26255745,0240000,CHRISTIAN COUNTY SHERIFF OFFICE,Accepted,CHRISTIAN,I 0024,,I24 E,,,,,,,,,36.668296186,-87.384949463,90.221,1/24/2020 12:00:00 AM,1626,2,2,0,0,RAINING,WET,False,REAR END IN TRAFFIC LANES BOTH VEHICLES MOVING,REAR END,STRAIGHT & LEVEL,DAYLIGHT,,,1/28/2020 10:48:08 AM,False,616,Accepted,
26255746,0240000,CHRISTIAN COUNTY SHERIFF OFFICE,Accepted,CHRISTIAN,I 0024,,I24 E,,,,,,,,,36.668296186,-87.384949463,90.221,1/24/2020 12:00:00 AM,1658,2,2,0,0,RAINING,WET,False,REAR END IN TRAFFIC LANES BOTH VEHICLES MOVING,REAR END,STRAIGHT & LEVEL,DAYLIGHT,,,1/28/2020 10:48:13 AM,False,616,Accepted,
26296674,0240000,CHRISTIAN COUNTY SHERIFF OFFICE,Accepted,CHRISTIAN,I 0024,,I24 E,,,,,,,,,36.660300285,-87.374022665,91.048,1/24/2020 12:00:00 AM,1643,4,4,0,0,RAINING,WET,False,REAR END IN TRAFFIC LANES BOTH VEHICLES MOVING,REAR END,STRAIGHT & GRADE,DARK-HWY NOT LIGHTED,,,2/3/2020 3:58:24 PM,False,616,Accepted,
26241187,0080000,BOONE COUNTY SHERIFF DEPT.,Accepted,BOONE,KY0237,,PLEASANT VALLEY,RD,,,WOODCREEK,,,,,38.984603946,-84.686801072,3.206,1/23/2020 12:00:00 AM,1700,2,2,0,0,CLEAR,DRY,False,OTHER INTERSECTION COLLISIONS,REAR END,STRAIGHT & HILLCREST,DAYLIGHT,,,1/25/2020 12:18:57 AM,False,3735,Accepted,
26232980,0470400,WEST POINT POLICE DEPARTMENT,Accepted,HARDIN,US0031W,,DIXIE,HWY,,,,,,,,37.992666414,-85.949901247,36.657,1/23/2020 12:00:00 AM,0805,2,2,0,0,CLEAR,DRY,True,SIDESWIPE COLLISION - OPPOSITE DIRECTION,SIDESWIPE-OPPOSITE DIRECTION,STRAIGHT & HILLCREST,DAYLIGHT,,,1/23/2020 11:41:33 AM,False,104,Accepted,
26220770,0340200,LEXINGTON POLICE DEPARTMENT,Accepted,FAYETTE,US0068,,BROADWAY,,S,,GIBSON,,,,,38.036188514,-84.519623135,5.395,1/20/2020 12:00:00 AM,1445,2,2,0,0,CLOUDY,DRY,False,OTHER INTERSECTION COLLISIONS,REAR END,STRAIGHT & LEVEL,DAYLIGHT,,,1/21/2020 9:55:01 AM,False,56412,Accepted,
26217422,0590600,PARK HILLS POLICE DEPARTMENT,Accepted,KENTON,,1064,AMSTERDAM,RD,,,,,,,,39.073350848,-84.529126874,0.781,1/20/2020 12:00:00 AM,1045,2,2,0,0,CLEAR,DRY,False,VEHICLE BACKING NON INTERSECTION,BACKING,STRAIGHT & GRADE,DAYLIGHT,,,1/20/2020 7:11:29 PM,False,008,Accepted,
26231386,0470000,HARDIN COUNTY SHERIFF DEPT.,Accepted,HARDIN,US0031W,,DIXIE,HWY,,,,,4TH,,6TH,37.996870810,-85.946188965,37.012,1/17/2020 12:00:00 AM,1105,2,2,0,0,CLEAR,DRY,True,SIDESWIPE COLLISION - OPPOSITE DIRECTION,SIDESWIPE-OPPOSITE DIRECTION,STRAIGHT & LEVEL,DAYLIGHT,,,1/23/2020 8:14:26 AM,False,989,Accepted,
26208265,0340200,LEXINGTON POLICE DEPARTMENT,Accepted,FAYETTE,US0025,,GEORGETOWN,RD,,,,,BRIARWOOD,,NANDINO,38.078499228,-84.507559974,16.438,1/17/2020 12:00:00 AM,1253,3,3,0,0,CLOUDY,DRY,False,OTHER ROADWAY OR MID-BLOCK COLLISION,REAR END,STRAIGHT & LEVEL,DAYLIGHT,,,1/17/2020 6:11:12 PM,False,32684,Accepted,
26307240,0340200,LEXINGTON POLICE DEPARTMENT,Accepted,FAYETTE,I 0075,,I75 N,,,,,I 0075,I75 N EXIT113 OFF RAMP TO US27,I 0064,I64 W,38.066980960,-84.445421469,112.056,1/16/2020 12:00:00 AM,0752,2,2,0,0,CLOUDY,DRY,True,OTHER ROADWAY OR MID-BLOCK COLLISION,REAR END,STRAIGHT & LEVEL,DARK-HWY LIGHTED/ON,,,2/5/2020 4:41:35 PM,False,40247,Accepted,
26202973,0370200,KY STATE POLICE CVE,Accepted,LAUREL,I 0075,,I75 N,,,,,,,,,37.009449373,-84.103011934,31.156,1/16/2020 12:00:00 AM,1850,2,2,0,1,CLOUDY,DRY,False,SIDESWIPE COLLISION - SAME DIRECTION,SIDESWIPE-SAME DIRECTION,STRAIGHT & GRADE,DARK-HWY NOT LIGHTED,,,1/16/2020 9:05:09 PM,False,C-325,Accepted,
26194451,0340200,LEXINGTON POLICE DEPARTMENT,Accepted,FAYETTE,,,LOWRY,LN,E,,,,DELLWOOD,US0027,NICHOLASVILLE,38.005650742,-84.518217588,0.022,1/15/2020 12:00:00 AM,1155,2,2,0,0,CLOUDY,WET,False,VEHICLE BACKING NON INTERSECTION,BACKING,STRAIGHT & GRADE,DAYLIGHT,,,1/15/2020 1:53:34 PM,False,30541,Accepted,
26193888,0470400,WEST POINT POLICE DEPARTMENT,Accepted,HARDIN,US0031W,,DIXIE,HWY,,,,,,,,37.992546272,-85.950011738,36.647,1/15/2020 12:00:00 AM,0751,2,2,0,0,FOG,WET,True,SIDESWIPE COLLISION - OPPOSITE DIRECTION,SIDESWIPE-OPPOSITE DIRECTION,STRAIGHT & HILLCREST,DAWN,,,1/15/2020 11:52:00 AM,False,104,Accepted,
26220926,0240000,CHRISTIAN COUNTY SHERIFF OFFICE,Accepted,CHRISTIAN,I 0024,,I24 E,,,,,I 0024,I24 E EXIT89 OFF RAMP TO KY115,I 0024,I24 E EXIT89 ON RAMP FROM KY115,36.682897056,-87.406681340,88.625,1/15/2020 12:00:00 AM,1327,2,2,0,0,CLEAR,DRY,False,REAR END IN TRAFFIC LANES BOTH VEHICLES MOVING,REAR END,STRAIGHT & LEVEL,DAYLIGHT,,,1/21/2020 10:09:24 AM,False,626,Accepted,
26191024,0080000,BOONE COUNTY SHERIFF DEPT.,Accepted,BOONE,I 0275,,I275 E,,,,,,,,,39.058660361,-84.639185775,2.788,1/14/2020 12:00:00 AM,0518,2,2,0,0,CLEAR,DRY,False,REAR END IN TRAFFIC LANES BOTH VEHICLES MOVING,REAR END,STRAIGHT & LEVEL,DARK (UNKNOWN ROADWAY LIGHTING),,,1/14/2020 10:53:03 PM,False,3753,Accepted,
26177950,0080000,BOONE COUNTY SHERIFF DEPT.,Accepted,BOONE,,,OLD UNION,RD,,KY0536,HATHAWAY,,,,,38.945865463,-84.681003528,0.432,1/12/2020 12:00:00 AM,0002,1,1,0,0,BLOWING SAND/SOIL/DIRT/SNOW,WET,False,COLLISION WITH FIXED OBJECT IN INTERSECTION - FIRST EVENT COLLISION 09 - 32,SINGLE VEHICLE,STRAIGHT & LEVEL,DARK-HWY LIGHTED/ON,,,1/12/2020 9:41:25 PM,False,3311,Accepted,
26299617,0340200,LEXINGTON POLICE DEPARTMENT,Accepted,FAYETTE,KY0004,,NEW CIRCLE,RD,W,,,,BOARDWALK,KY0004,KY4 EXIT9B RAMP FROM KY922 N,38.073770420,-84.490143674,9.604,1/12/2020 12:00:00 AM,1523,1,1,0,0,CLEAR,DRY,True,COLLISION WITH FIXED OBJECT NON - INTERSECTION - FIRST EVENT COLLISION 09 - 32 EXCLUDING 16,SINGLE VEHICLE,STRAIGHT & LEVEL,DAYLIGHT,,,2/4/2020 8:44:28 AM,False,56662,Accepted,
26186176,0340200,LEXINGTON POLICE DEPARTMENT,Accepted,FAYETTE,,,LOWRY,LN,E,,,US0027,NICHOLASVILLE,,DELLWOOD,38.005691947,-84.518376128,0.012,1/12/2020 12:00:00 AM,1530,1,1,0,0,CLOUDY,DRY,False,RAN OFF ROADWAY (1 VEHICLE WITH/EARTH EMBANKMENT/DITCH),SINGLE VEHICLE,STRAIGHT & GRADE,DAYLIGHT,,,1/14/2020 7:58:34 AM,False,40247,Accepted,
27753117,KSP0400,KY STATE POLICE POST 04,Accepted,NELSON,,,MCKAY,AVE,,US0062,CHAPLIN,,,,,37.912057407,-85.316092228,,1/10/2020 12:00:00 AM,1230,2,2,0,0,CLEAR,DRY,False,ANGLE COLLISION - OTHER,ANGLE,STRAIGHT & LEVEL,DAYLIGHT,,,2/5/2021 1:18:13 PM,False,1031,Accepted,
26163521,0470400,WEST POINT POLICE DEPARTMENT,Accepted,HARDIN,US0031W,,DIXIE,HWY,,,,,,,,37.992649698,-85.949934661,36.655,1/9/2020 12:00:00 AM,0850,2,2,0,0,CLEAR,DRY,False,REAR END IN TRAFFIC LANES BOTH VEHICLES MOVING,REAR END,STRAIGHT & HILLCREST,DAYLIGHT,,,1/9/2020 9:46:47 AM,False,104,Accepted,
26168678,0340200,LEXINGTON POLICE DEPARTMENT,Accepted,FAYETTE,US0027,,LIMESTONE,,S,,,,WASHINGTON,,VIRGINIA,38.035184766,-84.508244767,5.179,1/9/2020 12:00:00 AM,0950,2,2,0,0,CLEAR,DRY,False,REAR END IN TRAFFIC LANES BOTH VEHICLES MOVING,REAR END,STRAIGHT & LEVEL,DAYLIGHT,,,1/10/2020 7:45:26 AM,False,54257,Accepted,
26231608,0760000,MADISON COUNTY SHERIFF DEPT.,Accepted,MADISON,I 0075,,I75 N,,,,,,,,,37.838864760,-84.324495825,94.369,1/9/2020 12:00:00 AM,0717,3,3,0,0,CLEAR,DRY,False,COLLISION WITH FIXED OBJECT NON - INTERSECTION - FIRST EVENT COLLISION 09 - 32 EXCLUDING 16,REAR END,STRAIGHT & LEVEL,DAWN,,,1/23/2020 8:43:23 AM,False,2026,Accepted,
26166091,0340200,LEXINGTON POLICE DEPARTMENT,Accepted,FAYETTE,,,VIRGINIA,AVE,,,,US0027,LIMESTONE,,PRESS,38.035111577,-84.509405176,0.061,1/9/2020 12:00:00 AM,1045,2,2,0,0,CLEAR,DRY,False,SIDESWIPE COLLISION - SAME DIRECTION,SIDESWIPE-SAME DIRECTION,STRAIGHT & LEVEL,DAYLIGHT,,,1/9/2020 5:05:33 PM,False,41237,Accepted,
26260463,0568000,LOUISVILLE METRO POLICE DEPT,Accepted,JEFFERSON,US0060A,,LEXINGTON,RD,,,,US0060A,GRINSTEAD,,LEDGE,38.245228584,-85.700004197,8.097,1/8/2020 12:00:00 AM,1444,2,2,0,0,CLEAR,DRY,False,1 VEHICLE ENTERING/LEAVING ENTRANCE,ANGLE,STRAIGHT & LEVEL,DAYLIGHT,,,1/29/2020 8:12:37 AM,False,2100,Accepted,
26148508,0340200,LEXINGTON POLICE DEPARTMENT,Accepted,FAYETTE,US0025,,GEORGETOWN,RD,,,,,NANDINO,,MERCER,38.077301595,-84.507021634,16.350,1/6/2020 12:00:00 AM,1006,2,2,0,0,CLEAR,DRY,True,REAR END IN TRAFFIC LANES BOTH VEHICLES MOVING,REAR END,STRAIGHT & LEVEL,DAYLIGHT,,,1/6/2020 5:23:23 PM,False,40247,Accepted,
26146419,0340200,LEXINGTON POLICE DEPARTMENT,Accepted,FAYETTE,US0025,,GEORGETOWN,RD,,,,,BRIARWOOD,,NANDINO,38.077782118,-84.507226824,16.385,1/6/2020 12:00:00 AM,1043,2,2,0,0,CLEAR,DRY,False,OTHER ROADWAY OR MID-BLOCK COLLISION,REAR END,STRAIGHT & LEVEL,DAYLIGHT,,,1/6/2020 12:30:51 PM,False,40247,Accepted,
26193887,0470400,WEST POINT POLICE DEPARTMENT,Accepted,HARDIN,US0031W,,DIXIE,HWY,,,,,,,,37.994421450,-85.948398087,36.804,1/4/2020 12:00:00 AM,0109,2,2,0,0,RAINING,WET,False,SIDESWIPE COLLISION - OPPOSITE DIRECTION,SIDESWIPE-OPPOSITE DIRECTION,STRAIGHT & HILLCREST,DARK-HWY NOT LIGHTED,,,1/15/2020 11:51:45 AM,False,103,Accepted,
26148662,1110000,TRIGG COUNTY SHERIFF DEPT.,Accepted,TRIGG,US0068,68 80,CANTON,RD,,,,,,,,36.799133924,-87.958215666,9.679,1/3/2020 12:00:00 AM,0407,2,2,0,0,RAINING,WET,False,1 VEHICLE ENTERING/LEAVING ENTRANCE,ANGLE,STRAIGHT & HILLCREST,DARK-HWY NOT LIGHTED,,,1/6/2020 6:10:25 PM,False,206,Accepted,
26133281,0568000,LOUISVILLE METRO POLICE DEPT,Accepted,JEFFERSON,,,LIBERTY,ST,W,KY1020,2ND,,,,,38.252770929,-85.753896700,0.794,1/2/2020 12:00:00 AM,1719,2,2,0,0,RAINING,WET,False,ANGLE COLLISION - ONE VEHICLE TURNING LEFT,ANGLE,STRAIGHT & LEVEL,DAYLIGHT,,,1/3/2020 9:01:38 AM,False,7386,Accepted,